comparison,variant,feature,gain,gain_share
2023_vs_2024,all_no_ids_no_season_2023v2024,asof_batter_n,645922.5949840546,0.1442450031912543
2023_vs_2024,all_no_ids_no_season_2023v2024,asof_batter_middle_rate,456788.6378688812,0.10200831963271395
2023_vs_2024,all_no_ids_no_season_2023v2024,asof_pitcher_n,388837.9875869751,0.08683383612203367
2023_vs_2024,all_no_ids_no_season_2023v2024,game_month,368443.878572464,0.08227950044354024
2023_vs_2024,all_no_ids_no_season_2023v2024,asof_pitcher_offspeed_rate,252119.06265068054,0.056302280302675
2023_vs_2024,all_no_ids_no_season_2023v2024,asof_pitcher_reverse_rate,246961.32707595825,0.05515047420359616
2023_vs_2024,all_no_ids_no_season_2023v2024,asof_pitcher_middle_rate,240729.3166885376,0.053758765096031016
2023_vs_2024,all_no_ids_no_season_2023v2024,asof_pitcher_success_rate,208864.40326309204,0.046642812543146714
2023_vs_2024,all_no_ids_no_season_2023v2024,asof_batter_success_rate,196279.8182926178,0.04383247038555199
2023_vs_2024,all_no_ids_no_season_2023v2024,asof_pitcher_breaking_rate,190552.2098789215,0.04255340242860543
2023_vs_2024,all_no_ids_no_season_2023v2024,asof_pitcher_strike_rate,179507.95781326294,0.04008704161876991
2023_vs_2024,all_no_ids_no_season_2023v2024,batter_team_id,178636.77955055237,0.03989249336753875
2023_vs_2024,all_no_ids_no_season_2023v2024,asof_pitcher_ball_rate,158150.40849113464,0.03531755407637511
2023_vs_2024,all_no_ids_no_season_2023v2024,asof_pitcher_fastball_rate,131617.70922851562,0.0293923715242714
2023_vs_2024,all_no_ids_no_season_2023v2024,asof_pitcher_prev5_game_middle_rate,122080.47416496277,0.027262552080175497
2023_vs_2024,all_no_ids_no_season_2023v2024,pitcher_team_id,118799.6242351532,0.02652988502026704
2023_vs_2024,all_no_ids_no_season_2023v2024,game_type,98421.1121635437,0.02197903239236835
2023_vs_2024,all_no_ids_no_season_2023v2024,batter_hand,61637.80374145508,0.01376472237762108
2023_vs_2024,all_no_ids_no_season_2023v2024,asof_pitcher_pitchmix_n,48066.024770736694,0.010733923770876879
2023_vs_2024,all_no_ids_no_season_2023v2024,asof_pitcher_prev5_game_success_rate,35662.47425842285,0.007964009547213963
2023_vs_2024,all_no_ids_no_season_2023v2024,pitcher_hand,28041.214157104492,0.006262058421532744
2023_vs_2024,all_no_ids_no_season_2023v2024,run_total_before,27229.07900619507,0.006080695455839383
2023_vs_2024,all_no_ids_no_season_2023v2024,asof_pitcher_prev3_game_middle_rate,23838.271522521973,0.005323473088791782
2023_vs_2024,all_no_ids_no_season_2023v2024,asof_pitcher_prev3_game_success_rate,13554.110145568848,0.00302685287120271
2023_vs_2024,all_no_ids_no_season_2023v2024,run_top_before,11695.403512954712,0.0026117735006480226
2023_vs_2024,all_no_ids_no_season_2023v2024,inning,9985.016916275024,0.002229816402363776
2023_vs_2024,all_no_ids_no_season_2023v2024,game_dayofweek,7771.52919960022,0.0017355086552204185
2023_vs_2024,all_no_ids_no_season_2023v2024,run_bot_before,7464.678705215454,0.001666983957546913
2023_vs_2024,all_no_ids_no_season_2023v2024,asof_pitcher_prev1_game_middle_rate,6636.619920730591,0.0014820649859269253
2023_vs_2024,all_no_ids_no_season_2023v2024,score_diff_home,6305.499460220337,0.0014081204107504364
2023_vs_2024,all_no_ids_no_season_2023v2024,asof_pitcher_prev1_game_success_rate,3711.0641860961914,0.0008287408886503022
2023_vs_2024,all_no_ids_no_season_2023v2024,home_win_expectancy,1451.1676998138428,0.00032406930972256874
2023_vs_2024,all_no_ids_no_season_2023v2024,top_bottom,1017.1500015258789,0.00022714611062600565
2023_vs_2024,all_no_ids_no_season_2023v2024,score_diff_pitcher_team,704.9525985717773,0.00015742736145215553
2023_vs_2024,all_no_ids_no_season_2023v2024,away_win_expectancy,364.14279556274414,8.131899877154313e-05
2023_vs_2024,all_no_ids_no_season_2023v2024,li,105.22950172424316,2.3499456327893688e-05
2023_vs_2024,all_no_ids_no_season_2023v2024,balls_before,0.0,0.0
2023_vs_2024,all_no_ids_no_season_2023v2024,strikes_before,0.0,0.0
2023_vs_2024,all_no_ids_no_season_2023v2024,outs_before,0.0,0.0
2023_vs_2024,all_no_ids_no_season_2023v2024,runner_on_1b,0.0,0.0
2023_vs_2024,all_no_ids_no_season_2023v2024,runner_on_2b,0.0,0.0
2023_vs_2024,all_no_ids_no_season_2023v2024,runner_on_3b,0.0,0.0
2023_vs_2024,all_no_ids_no_season_2023v2024,num_runners_on,0.0,0.0
2023_vs_2024,all_no_ids_no_season_2023v2024,base_state,0.0,0.0
2023_vs_2024,all_sensitive_2023v2024,asof_pitcher_ball_rate,455346.2799682617,0.14330797898831227
2023_vs_2024,all_sensitive_2023v2024,asof_pitcher_middle_rate,453330.1363964081,0.14267345209451013
2023_vs_2024,all_sensitive_2023v2024,asof_pitcher_reverse_rate,451792.6601295471,0.14218957284427952
2023_vs_2024,all_sensitive_2023v2024,asof_pitcher_success_rate,410416.92119407654,0.12916767327719927
2023_vs_2024,all_sensitive_2023v2024,asof_pitcher_strike_rate,402501.64288139343,0.12667655258944555
2023_vs_2024,all_sensitive_2023v2024,asof_batter_middle_rate,360880.2033252716,0.1135773253688174
2023_vs_2024,all_sensitive_2023v2024,asof_pitcher_prev5_game_middle_rate,201040.87331199646,0.06327220077518958
2023_vs_2024,all_sensitive_2023v2024,asof_batter_success_rate,189751.80446624756,0.0597192703744911
2023_vs_2024,all_sensitive_2023v2024,asof_pitcher_prev5_game_success_rate,99560.73668861389,0.03133406066791027
2023_vs_2024,all_sensitive_2023v2024,asof_pitcher_prev3_game_middle_rate,55241.60276222229,0.01738580679407558
2023_vs_2024,all_sensitive_2023v2024,asof_pitcher_prev3_game_success_rate,39182.71235084534,0.01233170350852853
2023_vs_2024,all_sensitive_2023v2024,asof_pitcher_prev1_game_middle_rate,33217.25739097595,0.010454237211660413
2023_vs_2024,all_sensitive_2023v2024,asof_pitcher_prev1_game_success_rate,25133.732694625854,0.007910165505580399
2023_vs_2024,direct_sensitive_2023v2024,asof_pitcher_middle_rate,573852.9533462524,0.18018122525060704
2023_vs_2024,direct_sensitive_2023v2024,asof_pitcher_ball_rate,550305.3190813065,0.1727876210722713
2023_vs_2024,direct_sensitive_2023v2024,asof_pitcher_reverse_rate,537610.9738798141,0.16880178696821826
2023_vs_2024,direct_sensitive_2023v2024,asof_pitcher_success_rate,484892.0724630356,0.152248842183756
2023_vs_2024,direct_sensitive_2023v2024,asof_pitcher_strike_rate,452253.64974212646,0.14200086670186932
2023_vs_2024,direct_sensitive_2023v2024,asof_batter_middle_rate,369555.73397541046,0.11603496079926848
2023_vs_2024,direct_sensitive_2023v2024,asof_batter_success_rate,216394.71591567993,0.06794469702400961
2023_vs_2024,recent_sensitive_2023v2024,asof_pitcher_prev5_game_middle_rate,404897.4638748169,0.25197114857733266
2023_vs_2024,recent_sensitive_2023v2024,asof_pitcher_prev3_game_middle_rate,256478.39164447784,0.15960869280205311
2023_vs_2024,recent_sensitive_2023v2024,asof_pitcher_prev5_game_success_rate,254681.83039569855,0.15849067739881412
2023_vs_2024,recent_sensitive_2023v2024,asof_pitcher_prev3_game_success_rate,241099.2672805786,0.15003813241127872
2023_vs_2024,recent_sensitive_2023v2024,asof_pitcher_prev1_game_middle_rate,232966.11114025116,0.14497679990841403
2023_vs_2024,recent_sensitive_2023v2024,asof_pitcher_prev1_game_success_rate,216796.87932014465,0.13491454890210736
2023_vs_2024,stable_context_2023v2024,run_total_before,52291.01888823509,0.16747897608756246
2023_vs_2024,stable_context_2023v2024,run_top_before,40398.73332953453,0.1293900680674476
2023_vs_2024,stable_context_2023v2024,run_bot_before,39718.05772733688,0.12720998331623048
2023_vs_2024,stable_context_2023v2024,inning,37105.246118068695,0.11884160529771791
2023_vs_2024,stable_context_2023v2024,score_diff_home,31948.9516954422,0.10232689725285729
2023_vs_2024,stable_context_2023v2024,home_win_expectancy,31350.356703042984,0.10040970232054133
2023_vs_2024,stable_context_2023v2024,li,21231.987995386124,0.06800233931893661
2023_vs_2024,stable_context_2023v2024,away_win_expectancy,18514.87811088562,0.059299912189984205
2023_vs_2024,stable_context_2023v2024,score_diff_pitcher_team,9241.146378159523,0.02959777350289226
2023_vs_2024,stable_context_2023v2024,pitcher_hand,7964.592251300812,0.025509194189805837
2023_vs_2024,stable_context_2023v2024,base_state,5109.102245569229,0.01636355976622816
2023_vs_2024,stable_context_2023v2024,num_runners_on,3627.0956852436066,0.0116169522883955
2023_vs_2024,stable_context_2023v2024,batter_hand,3456.7313220500946,0.011071305067972367
2023_vs_2024,stable_context_2023v2024,outs_before,2333.2757194042206,0.0074730735167164546
2023_vs_2024,stable_context_2023v2024,runner_on_3b,2074.878824710846,0.0066454735145067305
2023_vs_2024,stable_context_2023v2024,runner_on_2b,1928.6295638084412,0.006177062743589272
2023_vs_2024,stable_context_2023v2024,runner_on_1b,1467.5497767925262,0.004700304931905654
2023_vs_2024,stable_context_2023v2024,top_bottom,1308.7126817703247,0.004191577532734124
2023_vs_2024,stable_context_2023v2024,balls_before,645.0738308429718,0.002066058512292048
2023_vs_2024,stable_context_2023v2024,strikes_before,508.3576669692993,0.001628180581683707
2023_vs_2024,uncertain_2023v2024,asof_pitcher_breaking_rate,778116.3534946442,0.3486743848986169
2023_vs_2024,uncertain_2023v2024,asof_pitcher_offspeed_rate,766297.0404772758,0.3433781439473162
2023_vs_2024,uncertain_2023v2024,asof_pitcher_fastball_rate,687228.4678783417,0.30794747115406695
