level,variant,fold,feature,gain_share
pitcher_season,pitcher_direct,0,asof_pitcher_success_rate,0.18655073147016474
pitcher_season,pitcher_direct,0,asof_pitcher_reverse_rate,0.13306747103090336
pitcher_season,pitcher_direct,0,asof_pitcher_middle_rate,0.3701367455049073
pitcher_season,pitcher_direct,0,asof_pitcher_ball_rate,0.16625572048325096
pitcher_season,pitcher_direct,0,asof_pitcher_strike_rate,0.14398933151077364
pitcher_season,pitcher_direct,1,asof_pitcher_success_rate,0.22346975254813412
pitcher_season,pitcher_direct,1,asof_pitcher_reverse_rate,0.1413643522837305
pitcher_season,pitcher_direct,1,asof_pitcher_middle_rate,0.3260303856811803
pitcher_season,pitcher_direct,1,asof_pitcher_ball_rate,0.12728173999635395
pitcher_season,pitcher_direct,1,asof_pitcher_strike_rate,0.18185376949060114
pitcher_season,pitcher_direct,2,asof_pitcher_success_rate,0.20340933656680493
pitcher_season,pitcher_direct,2,asof_pitcher_reverse_rate,0.1744875470877173
pitcher_season,pitcher_direct,2,asof_pitcher_middle_rate,0.29834596222237664
pitcher_season,pitcher_direct,2,asof_pitcher_ball_rate,0.15184324326895357
pitcher_season,pitcher_direct,2,asof_pitcher_strike_rate,0.17191391085414756
pitcher_season,pitcher_direct,3,asof_pitcher_success_rate,0.13763085033328565
pitcher_season,pitcher_direct,3,asof_pitcher_reverse_rate,0.17780099621672263
pitcher_season,pitcher_direct,3,asof_pitcher_middle_rate,0.3594747684225872
pitcher_season,pitcher_direct,3,asof_pitcher_ball_rate,0.1853761700228109
pitcher_season,pitcher_direct,3,asof_pitcher_strike_rate,0.1397172150045936
pitcher_season,pitcher_direct,4,asof_pitcher_success_rate,0.1668177356886638
pitcher_season,pitcher_direct,4,asof_pitcher_reverse_rate,0.15399083418272663
pitcher_season,pitcher_direct,4,asof_pitcher_middle_rate,0.34683524452798903
pitcher_season,pitcher_direct,4,asof_pitcher_ball_rate,0.16997035147881917
pitcher_season,pitcher_direct,4,asof_pitcher_strike_rate,0.16238583412180138
pitcher_season,pitcher_direct,5,asof_pitcher_success_rate,0.18107743738072088
pitcher_season,pitcher_direct,5,asof_pitcher_reverse_rate,0.12863189240245806
pitcher_season,pitcher_direct,5,asof_pitcher_middle_rate,0.3335011628206485
pitcher_season,pitcher_direct,5,asof_pitcher_ball_rate,0.18576861706713554
pitcher_season,pitcher_direct,5,asof_pitcher_strike_rate,0.17102089032903697
pitcher_season,pitcher_direct,6,asof_pitcher_success_rate,0.1945946089443902
pitcher_season,pitcher_direct,6,asof_pitcher_reverse_rate,0.13405706785299235
pitcher_season,pitcher_direct,6,asof_pitcher_middle_rate,0.37594219431302095
pitcher_season,pitcher_direct,6,asof_pitcher_ball_rate,0.13408183529880568
pitcher_season,pitcher_direct,6,asof_pitcher_strike_rate,0.16132429359079084
pitcher_season,pitcher_direct,7,asof_pitcher_success_rate,0.1333862553124786
pitcher_season,pitcher_direct,7,asof_pitcher_reverse_rate,0.17249329156987897
pitcher_season,pitcher_direct,7,asof_pitcher_middle_rate,0.3364544958764551
pitcher_season,pitcher_direct,7,asof_pitcher_ball_rate,0.133433203411695
pitcher_season,pitcher_direct,7,asof_pitcher_strike_rate,0.22423275382949232
pitcher_season,pitcher_recent,0,asof_pitcher_prev1_game_success_rate,0.19909342821910495
pitcher_season,pitcher_recent,0,asof_pitcher_prev3_game_success_rate,0.09642792339994052
pitcher_season,pitcher_recent,0,asof_pitcher_prev5_game_success_rate,0.12606912604899417
pitcher_season,pitcher_recent,0,asof_pitcher_prev1_game_middle_rate,0.08856219724261438
pitcher_season,pitcher_recent,0,asof_pitcher_prev3_game_middle_rate,0.3800183499063975
pitcher_season,pitcher_recent,0,asof_pitcher_prev5_game_middle_rate,0.10982897518294849
pitcher_season,pitcher_recent,1,asof_pitcher_prev1_game_success_rate,0.2091023279585285
pitcher_season,pitcher_recent,1,asof_pitcher_prev3_game_success_rate,0.10561924769655774
pitcher_season,pitcher_recent,1,asof_pitcher_prev5_game_success_rate,0.14267328368124457
pitcher_season,pitcher_recent,1,asof_pitcher_prev1_game_middle_rate,0.10194576613238161
pitcher_season,pitcher_recent,1,asof_pitcher_prev3_game_middle_rate,0.14693578938387725
pitcher_season,pitcher_recent,1,asof_pitcher_prev5_game_middle_rate,0.2937235851474103
pitcher_season,pitcher_recent,2,asof_pitcher_prev1_game_success_rate,0.1815473231385238
pitcher_season,pitcher_recent,2,asof_pitcher_prev3_game_success_rate,0.12493279908099264
pitcher_season,pitcher_recent,2,asof_pitcher_prev5_game_success_rate,0.09855687181208586
pitcher_season,pitcher_recent,2,asof_pitcher_prev1_game_middle_rate,0.1379981195554948
pitcher_season,pitcher_recent,2,asof_pitcher_prev3_game_middle_rate,0.12877876397436758
pitcher_season,pitcher_recent,2,asof_pitcher_prev5_game_middle_rate,0.32818612243853534
pitcher_season,pitcher_recent,3,asof_pitcher_prev1_game_success_rate,0.1283795644888669
pitcher_season,pitcher_recent,3,asof_pitcher_prev3_game_success_rate,0.11468807341312674
pitcher_season,pitcher_recent,3,asof_pitcher_prev5_game_success_rate,0.09036084613254534
pitcher_season,pitcher_recent,3,asof_pitcher_prev1_game_middle_rate,0.13570456732738367
pitcher_season,pitcher_recent,3,asof_pitcher_prev3_game_middle_rate,0.3757781947497522
pitcher_season,pitcher_recent,3,asof_pitcher_prev5_game_middle_rate,0.15508875388832516
pitcher_season,pitcher_recent,4,asof_pitcher_prev1_game_success_rate,0.15019175654276112
pitcher_season,pitcher_recent,4,asof_pitcher_prev3_game_success_rate,0.10613765211663495
pitcher_season,pitcher_recent,4,asof_pitcher_prev5_game_success_rate,0.12374298236377079
pitcher_season,pitcher_recent,4,asof_pitcher_prev1_game_middle_rate,0.08901404365606001
pitcher_season,pitcher_recent,4,asof_pitcher_prev3_game_middle_rate,0.38777002137897076
pitcher_season,pitcher_recent,4,asof_pitcher_prev5_game_middle_rate,0.14314354394180231
pitcher_season,pitcher_recent,5,asof_pitcher_prev1_game_success_rate,0.14989238313345152
pitcher_season,pitcher_recent,5,asof_pitcher_prev3_game_success_rate,0.10105202659347351
pitcher_season,pitcher_recent,5,asof_pitcher_prev5_game_success_rate,0.14747086499650136
pitcher_season,pitcher_recent,5,asof_pitcher_prev1_game_middle_rate,0.2045867189699203
pitcher_season,pitcher_recent,5,asof_pitcher_prev3_game_middle_rate,0.23034232493563328
pitcher_season,pitcher_recent,5,asof_pitcher_prev5_game_middle_rate,0.16665568137102002
pitcher_season,pitcher_recent,6,asof_pitcher_prev1_game_success_rate,0.11848016689122771
pitcher_season,pitcher_recent,6,asof_pitcher_prev3_game_success_rate,0.16956099686108494
pitcher_season,pitcher_recent,6,asof_pitcher_prev5_game_success_rate,0.10932507058083325
pitcher_season,pitcher_recent,6,asof_pitcher_prev1_game_middle_rate,0.33774883702550257
pitcher_season,pitcher_recent,6,asof_pitcher_prev3_game_middle_rate,0.09730479538637862
pitcher_season,pitcher_recent,6,asof_pitcher_prev5_game_middle_rate,0.1675801332549729
pitcher_season,pitcher_recent,7,asof_pitcher_prev1_game_success_rate,0.10622526735896676
pitcher_season,pitcher_recent,7,asof_pitcher_prev3_game_success_rate,0.10714123300831745
pitcher_season,pitcher_recent,7,asof_pitcher_prev5_game_success_rate,0.14810898540082812
pitcher_season,pitcher_recent,7,asof_pitcher_prev1_game_middle_rate,0.11590716872716103
pitcher_season,pitcher_recent,7,asof_pitcher_prev3_game_middle_rate,0.37563076201070844
pitcher_season,pitcher_recent,7,asof_pitcher_prev5_game_middle_rate,0.14698658349401825
pitcher_season,pitchmix,0,asof_pitcher_fastball_rate,0.3135263693825351
pitcher_season,pitchmix,0,asof_pitcher_breaking_rate,0.3341538406730258
pitcher_season,pitchmix,0,asof_pitcher_offspeed_rate,0.35231978994443913
pitcher_season,pitchmix,1,asof_pitcher_fastball_rate,0.3732451577866512
pitcher_season,pitchmix,1,asof_pitcher_breaking_rate,0.3256489310153356
pitcher_season,pitchmix,1,asof_pitcher_offspeed_rate,0.3011059111980132
pitcher_season,pitchmix,2,asof_pitcher_fastball_rate,0.28448116535176093
pitcher_season,pitchmix,2,asof_pitcher_breaking_rate,0.3816741333492801
pitcher_season,pitchmix,2,asof_pitcher_offspeed_rate,0.33384470129895893
pitcher_season,pitchmix,3,asof_pitcher_fastball_rate,0.282153953322026
pitcher_season,pitchmix,3,asof_pitcher_breaking_rate,0.4039082894109232
pitcher_season,pitchmix,3,asof_pitcher_offspeed_rate,0.3139377572670508
pitcher_season,pitchmix,4,asof_pitcher_fastball_rate,0.34651293150888557
pitcher_season,pitchmix,4,asof_pitcher_breaking_rate,0.34968110128857033
pitcher_season,pitchmix,4,asof_pitcher_offspeed_rate,0.3038059672025441
pitcher_season,pitchmix,5,asof_pitcher_fastball_rate,0.3605104274228489
pitcher_season,pitchmix,5,asof_pitcher_breaking_rate,0.2933751372537655
pitcher_season,pitchmix,5,asof_pitcher_offspeed_rate,0.3461144353233856
pitcher_season,pitchmix,6,asof_pitcher_fastball_rate,0.33435072277529576
pitcher_season,pitchmix,6,asof_pitcher_breaking_rate,0.3039537171675672
pitcher_season,pitchmix,6,asof_pitcher_offspeed_rate,0.36169556005713704
pitcher_season,pitchmix,7,asof_pitcher_fastball_rate,0.31190983449667564
pitcher_season,pitchmix,7,asof_pitcher_breaking_rate,0.2745987668786732
pitcher_season,pitchmix,7,asof_pitcher_offspeed_rate,0.4134913986246512
batter_season,batter_direct,0,asof_batter_success_rate,0.45881078721874063
batter_season,batter_direct,0,asof_batter_middle_rate,0.5411892127812593
batter_season,batter_direct,1,asof_batter_success_rate,0.48194783009123693
batter_season,batter_direct,1,asof_batter_middle_rate,0.5180521699087631
batter_season,batter_direct,2,asof_batter_success_rate,0.516901331915534
batter_season,batter_direct,2,asof_batter_middle_rate,0.48309866808446594
batter_season,batter_direct,3,asof_batter_success_rate,0.5046122863867953
batter_season,batter_direct,3,asof_batter_middle_rate,0.4953877136132047
batter_season,batter_direct,4,asof_batter_success_rate,0.42359533822252166
batter_season,batter_direct,4,asof_batter_middle_rate,0.5764046617774783
batter_season,batter_direct,5,asof_batter_success_rate,0.35291797674562414
batter_season,batter_direct,5,asof_batter_middle_rate,0.6470820232543759
batter_season,batter_direct,6,asof_batter_success_rate,0.43533002596230164
batter_season,batter_direct,6,asof_batter_middle_rate,0.5646699740376984
batter_season,batter_direct,7,asof_batter_success_rate,0.4205097276192279
batter_season,batter_direct,7,asof_batter_middle_rate,0.5794902723807721
