season,game_month,feature,n_rows,n_observed,mean,std,q10,q25,median,q75,q90
2019,3,asof_pitcher_success_rate,13395,13235,0.5622102272006044,0.13957798136322888,0.411765,0.489436,0.560345,0.645308,0.714286
2019,3,asof_pitcher_reverse_rate,13395,13235,0.18634988260672458,0.122916051464616,0.05,0.103226,0.177215,0.24602800000000002,0.32214680000000007
2019,3,asof_pitcher_middle_rate,13395,13235,0.12135975160559123,0.0828399944116431,0.0322581,0.07189935,0.115385,0.16129,0.2
2019,3,asof_pitcher_ball_rate,13395,13235,0.3767226736985267,0.11401607499742364,0.276428,0.333333,0.368056,0.416667,0.478261
2019,3,asof_pitcher_strike_rate,13395,13235,0.45379460319607107,0.11714124435107355,0.35,0.401674,0.452381,0.5,0.5625
2019,3,asof_pitcher_prev1_game_success_rate,13395,6955,0.5548340888569375,0.13910119184347453,0.375,0.463636,0.5625,0.666667,0.727273
2019,3,asof_pitcher_prev3_game_success_rate,13395,6955,0.5481723708123653,0.11192434526426388,0.416667,0.466667,0.55,0.625,0.6875
2019,3,asof_pitcher_prev5_game_success_rate,13395,6955,0.5492920757728254,0.11203048479184397,0.416667,0.466667,0.551724,0.628571,0.6875
2019,3,asof_pitcher_prev1_game_middle_rate,13395,6955,0.1269340943781452,0.1019679279152069,0.0,0.0666667,0.117647,0.166667,0.222222
2019,3,asof_pitcher_prev3_game_middle_rate,13395,6955,0.13368079922358017,0.07129569192223147,0.0512821,0.0833333,0.125,0.170213,0.214286
2019,3,asof_pitcher_prev5_game_middle_rate,13395,6955,0.13327257994248742,0.07105453644405582,0.0512821,0.0833333,0.125,0.168421,0.214286
2019,3,asof_batter_success_rate,13395,13221,0.5675682758490281,0.13349250632146759,0.417391,0.5,0.571429,0.632353,0.708333
2019,3,asof_batter_middle_rate,13395,13221,0.12053322201043795,0.08009212635884454,0.030303,0.0789474,0.115044,0.157895,0.2
2019,3,asof_pitcher_fastball_rate,13395,13235,0.5955949733282963,0.1571098872689496,0.428571,0.49453499999999995,0.58125,0.6837485,0.8
2019,3,asof_pitcher_breaking_rate,13395,13235,0.2695086450850019,0.1513819178046133,0.0833333,0.163265,0.266667,0.352941,0.466667
2019,3,asof_pitcher_offspeed_rate,13395,13235,0.13489636943256517,0.13235762754343636,0.0,0.0,0.107143,0.222222,0.310345
2019,3,control_success,13395,13395,0.5696901829040687,0.4951379412612622,0.0,0.0,1.0,1.0,1.0
2019,4,asof_pitcher_success_rate,39478,39414,0.5700494373065408,0.08387091663761091,0.48243640000000004,0.523256,0.565217,0.61708675,0.666667
2019,4,asof_pitcher_reverse_rate,39478,39414,0.17492380736032884,0.07134810571866769,0.0973451,0.123967,0.170886,0.2189885,0.258065
2019,4,asof_pitcher_middle_rate,39478,39414,0.11882999299487491,0.04425957244204425,0.0703125,0.0948276,0.121212,0.142259,0.163701
2019,4,asof_pitcher_ball_rate,39478,39414,0.37230342995128635,0.0590888876698708,0.318841,0.3440185,0.37037,0.39578725000000003,0.426471
2019,4,asof_pitcher_strike_rate,39478,39414,0.4427315209570204,0.05797973949941627,0.387097,0.417582,0.444444,0.46875,0.5
2019,4,asof_pitcher_prev1_game_success_rate,39478,37476,0.5730416484683531,0.12769884667557577,0.416667,0.5,0.575758,0.666667,0.727273
2019,4,asof_pitcher_prev3_game_success_rate,39478,37476,0.5707810215604653,0.0925964226229549,0.45614,0.51087,0.568182,0.632653,0.689655
2019,4,asof_pitcher_prev5_game_success_rate,39478,37476,0.5681971973262887,0.08469352620635408,0.466667,0.516949,0.5625,0.621681,0.675
2019,4,asof_pitcher_prev1_game_middle_rate,39478,37476,0.11566750219607215,0.07038436665987023,0.0294118,0.0707071,0.113636,0.15625,0.196429
2019,4,asof_pitcher_prev3_game_middle_rate,39478,37476,0.11741616026256806,0.046537561857495253,0.0576923,0.0879479,0.117021,0.14658,0.173913
2019,4,asof_pitcher_prev5_game_middle_rate,39478,37476,0.11900403127067989,0.041609998813310664,0.0649351,0.0930233,0.117788,0.143939,0.169492
2019,4,asof_batter_success_rate,39478,39397,0.5685887655405234,0.07422575806237816,0.491071,0.528529,0.566667,0.604508,0.648148
2019,4,asof_batter_middle_rate,39478,39397,0.11893580425666929,0.04257253367090532,0.0769231,0.0972222,0.12,0.140351,0.158537
2019,4,asof_pitcher_fastball_rate,39478,39414,0.5758317581570002,0.11704692318874757,0.444444,0.489274,0.563158,0.649194,0.734848
2019,4,asof_pitcher_breaking_rate,39478,39414,0.2770123061780078,0.11805654764404767,0.12152080000000001,0.196133,0.272727,0.362069,0.4340819
2019,4,asof_pitcher_offspeed_rate,39478,39414,0.14715592857334955,0.11841737943368846,0.0,0.045836299999999996,0.135593,0.21940375,0.3068708000000001
2019,4,control_success,39478,39478,0.5751304524038705,0.49432944979924903,0.0,0.0,1.0,1.0,1.0
2019,5,asof_pitcher_success_rate,44713,44654,0.5603819668204415,0.0834381349670825,0.473404,0.5147744999999999,0.558659,0.60681325,0.649123
2019,5,asof_pitcher_reverse_rate,44713,44654,0.18129957707036326,0.06747883725835721,0.1044934,0.136364,0.177323,0.226415,0.2554278000000001
2019,5,asof_pitcher_middle_rate,44713,44654,0.12157771602767949,0.0392472032084133,0.0816327,0.104478,0.122222,0.139202,0.158879
2019,5,asof_pitcher_ball_rate,44713,44654,0.3700840346665472,0.051814968529662594,0.322581,0.342222,0.367698,0.3910145,0.4199648
2019,5,asof_pitcher_strike_rate,44713,44654,0.4389485684417969,0.050889080179171445,0.392857,0.41518075,0.441781,0.46652350000000004,0.489691
2019,5,asof_pitcher_prev1_game_success_rate,44713,43066,0.5578048812520318,0.14123905420833613,0.389831,0.472727,0.559322,0.653465,0.72
2019,5,asof_pitcher_prev3_game_success_rate,44713,43066,0.5553528060883295,0.0985408033658569,0.4375,0.488971,0.555184,0.61324,0.678571
2019,5,asof_pitcher_prev5_game_success_rate,44713,43066,0.5565532787581852,0.08852820983448553,0.451923,0.504673,0.555814,0.608108,0.666667
2019,5,asof_pitcher_prev1_game_middle_rate,44713,43066,0.12443628789532346,0.08229930909580578,0.0272727,0.0740741,0.117021,0.166667,0.22549
2019,5,asof_pitcher_prev3_game_middle_rate,44713,43066,0.12260823888218082,0.049728635776398036,0.0668896,0.0912162,0.120879,0.150442,0.181818
2019,5,asof_pitcher_prev5_game_middle_rate,44713,43066,0.12181641079041473,0.04221588837498888,0.0754717,0.0969828,0.119835,0.143426,0.174636
2019,5,asof_batter_success_rate,44713,44653,0.5661459609208788,0.0726387463460313,0.492891,0.529762,0.56079,0.58967,0.637755
2019,5,asof_batter_middle_rate,44713,44653,0.11926796290058901,0.039316617178349604,0.0786517,0.106227,0.120713,0.136232,0.152866
2019,5,asof_pitcher_fastball_rate,44713,44654,0.5705751029918933,0.11289494214828523,0.4364898,0.49416000000000004,0.558228,0.64360525,0.7293541
2019,5,asof_pitcher_breaking_rate,44713,44654,0.28408738496215347,0.11716670501451011,0.143617,0.205279,0.2753145,0.36592,0.4397674
2019,5,asof_pitcher_offspeed_rate,44713,44654,0.14533750881108073,0.1109228519481616,0.00909091,0.0574713,0.13241550000000002,0.216783,0.3
2019,5,control_success,44713,44713,0.5685371144857201,0.4952859277432472,0.0,0.0,1.0,1.0,1.0
2019,6,asof_pitcher_success_rate,41941,41914,0.5593258621701579,0.07508880878182793,0.47121270000000004,0.51520025,0.553157,0.6008945,0.6532945000000001
2019,6,asof_pitcher_reverse_rate,41941,41914,0.1820778207424727,0.06426995174869803,0.105263,0.134752,0.181049,0.226994,0.254902
2019,6,asof_pitcher_middle_rate,41941,41914,0.12695058725008349,0.03463382179305115,0.09375,0.1111975,0.125106,0.14001375,0.15755240000000004
2019,6,asof_pitcher_ball_rate,41941,41914,0.3664462729159708,0.04171808321068432,0.325472,0.3416035,0.3651415,0.388393,0.41185710000000014
2019,6,asof_pitcher_strike_rate,41941,41914,0.4417916047859904,0.04271458169290409,0.3996321,0.420601,0.44395700000000005,0.46495600000000004,0.4834487
2019,6,asof_pitcher_prev1_game_success_rate,41941,41145,0.5670443030744927,0.14147530548105136,0.4,0.477477,0.57,0.658228,0.735849
2019,6,asof_pitcher_prev3_game_success_rate,41941,41145,0.5636722466885404,0.09820031279289763,0.44164,0.5,0.560656,0.627389,0.6934521999999973
2019,6,asof_pitcher_prev5_game_success_rate,41941,41145,0.5609937542593266,0.0899768211132462,0.45,0.501071,0.553535,0.618644,0.683778
2019,6,asof_pitcher_prev1_game_middle_rate,41941,41145,0.12974121186049337,0.09214110335479657,0.04,0.08,0.117647,0.166667,0.230769
2019,6,asof_pitcher_prev3_game_middle_rate,41941,41145,0.12771272373799974,0.04831290706494758,0.0694444,0.097561,0.125581,0.15493,0.188889
2019,6,asof_pitcher_prev5_game_middle_rate,41941,41145,0.12779708521327016,0.041504575674598115,0.078125,0.102345,0.126761,0.14914,0.180723
2019,6,asof_batter_success_rate,41941,41909,0.5625215160037224,0.06654266732770706,0.4949296,0.529534,0.559494,0.585515,0.6237420000000001
2019,6,asof_batter_middle_rate,41941,41909,0.12412352163258489,0.032249154948908454,0.09407958000000001,0.112339,0.123644,0.137592,0.1546616
2019,6,asof_pitcher_fastball_rate,41941,41914,0.5593294446962829,0.10179574969726055,0.441826,0.491409,0.544194,0.6264135000000001,0.6927787000000001
2019,6,asof_pitcher_breaking_rate,41941,41914,0.28166020582621565,0.10888153407875183,0.144928,0.2103045,0.2794445,0.35003975,0.43587070000000006
2019,6,asof_pitcher_offspeed_rate,41941,41914,0.15901034591353727,0.112492668861594,0.0231481,0.06385245,0.144126,0.22496325,0.32113860000000044
2019,6,control_success,41941,41941,0.5674399752032617,0.49543688013397846,0.0,0.0,1.0,1.0,1.0
2019,7,asof_pitcher_success_rate,29821,29809,0.555365723338589,0.0694418521591119,0.4753732,0.518395,0.554974,0.597345,0.639706
2019,7,asof_pitcher_reverse_rate,29821,29809,0.185455192311047,0.059714521505234944,0.11682440000000001,0.142108,0.187023,0.225146,0.2504524
2019,7,asof_pitcher_middle_rate,29821,29809,0.12875822678016707,0.031357236189691017,0.09862522,0.114391,0.126294,0.141421,0.1595684
2019,7,asof_pitcher_ball_rate,29821,29809,0.36800164658324663,0.04376002678487014,0.326101,0.343195,0.363158,0.387283,0.4156452
2019,7,asof_pitcher_strike_rate,29821,29809,0.44045112105068934,0.041597403072814364,0.3951388,0.421474,0.445157,0.462358,0.48308419999999996
2019,7,asof_pitcher_prev1_game_success_rate,29821,29418,0.5646419327622545,0.1402384928699505,0.375,0.481013,0.57377,0.655172,0.730337
2019,7,asof_pitcher_prev3_game_success_rate,29821,29418,0.564754045278401,0.0966601815230364,0.433099,0.5,0.572993,0.628906,0.681004
2019,7,asof_pitcher_prev5_game_success_rate,29821,29418,0.5639636207084098,0.08431018369571845,0.451064,0.515873,0.569845,0.619369,0.665116
2019,7,asof_pitcher_prev1_game_middle_rate,29821,29418,0.13155749198449926,0.08138136039682484,0.0454545,0.08,0.121212,0.172414,0.226804
2019,7,asof_pitcher_prev3_game_middle_rate,29821,29418,0.12836581757087498,0.047369675877258995,0.0730159,0.0952381,0.124031,0.158249,0.192857
2019,7,asof_pitcher_prev5_game_middle_rate,29821,29418,0.1275104688660004,0.03900564671980678,0.0809129,0.100703,0.125,0.15,0.180258
2019,7,asof_batter_success_rate,29821,29804,0.559932416041471,0.059580284742704555,0.4949579,0.53217375,0.5576760000000001,0.583942,0.6120928
2019,7,asof_batter_middle_rate,29821,29804,0.1256370264830224,0.028617552968074937,0.1006043,0.1135935,0.1243705,0.13658949999999997,0.153846
2019,7,asof_pitcher_fastball_rate,29821,29809,0.55998695997853,0.10254169201205669,0.4375,0.491228,0.540616,0.625551,0.6955762000000001
2019,7,asof_pitcher_breaking_rate,29821,29809,0.28565434050454563,0.10725204221952608,0.1542474,0.217098,0.283394,0.349548,0.44020339999999997
2019,7,asof_pitcher_offspeed_rate,29821,29809,0.15435869604783792,0.11256180415722224,0.017880380000000008,0.0608067,0.141044,0.21457,0.3190312
2019,7,control_success,29821,29821,0.5601757151000972,0.4963739976216034,0.0,0.0,1.0,1.0,1.0
2019,8,asof_pitcher_success_rate,37934,37919,0.5539586658139719,0.06401384385501742,0.4759972,0.514097,0.554545,0.5948424999999999,0.6319644000000001
2019,8,asof_pitcher_reverse_rate,37934,37919,0.18492167073235055,0.0553981992350955,0.1162414,0.142857,0.185535,0.22599750000000002,0.24941820000000003
2019,8,asof_pitcher_middle_rate,37934,37919,0.12924344704027005,0.027629191867654213,0.0982962,0.11652699999999999,0.128017,0.142526,0.1596332
2019,8,asof_pitcher_ball_rate,37934,37919,0.3669690877396556,0.038290178478145816,0.3270028,0.34414100000000003,0.364234,0.3875405,0.411921
2019,8,asof_pitcher_strike_rate,37934,37919,0.44028548983359267,0.036240976760734865,0.39740179999999997,0.422848,0.441113,0.458313,0.4795274
2019,8,asof_pitcher_prev1_game_success_rate,37934,37421,0.5494253806792978,0.12597970432685796,0.4,0.46729,0.552083,0.636364,0.694118
2019,8,asof_pitcher_prev3_game_success_rate,37934,37421,0.5467842001282702,0.08611106804679253,0.430769,0.492063,0.55102,0.605263,0.644128
2019,8,asof_pitcher_prev5_game_success_rate,37934,37421,0.5495820331364742,0.07929360273262848,0.444444,0.497727,0.555556,0.605096,0.642857
2019,8,asof_pitcher_prev1_game_middle_rate,37934,37421,0.13669685788728253,0.08236801777420691,0.04,0.0888889,0.133333,0.180851,0.228261
2019,8,asof_pitcher_prev3_game_middle_rate,37934,37421,0.13410731709467946,0.04336549791324154,0.0810811,0.105263,0.133891,0.160194,0.188679
2019,8,asof_pitcher_prev5_game_middle_rate,37934,37421,0.13298692350017371,0.03620448173795943,0.0862069,0.109195,0.133333,0.15534,0.18
2019,8,asof_batter_success_rate,37934,37928,0.5516405863214512,0.04878238445702593,0.4965398,0.530811,0.554839,0.5742285,0.5934385000000001
2019,8,asof_batter_middle_rate,37934,37928,0.1292223751555579,0.024793414387187004,0.106838,0.116399,0.126616,0.14025125,0.15749710000000003
2019,8,asof_pitcher_fastball_rate,37934,37919,0.5532707493604789,0.10249031611607365,0.42821539999999997,0.4915625,0.530374,0.6182375,0.7048876000000002
2019,8,asof_pitcher_breaking_rate,37934,37919,0.28409587078773174,0.11277449812502102,0.12317020000000001,0.2166805,0.286624,0.35752300000000004,0.4394428000000001
2019,8,asof_pitcher_offspeed_rate,37934,37919,0.16263337886054482,0.11695009080591942,0.011873680000000003,0.06816565,0.150342,0.223725,0.3451900000000003
2019,8,control_success,37934,37934,0.5513259872409976,0.49736522209909906,0.0,0.0,1.0,1.0,1.0
2019,9,asof_pitcher_success_rate,29524,29506,0.5571454478411171,0.06505279075446067,0.4815415,0.52024675,0.555694,0.596018,0.630693
2019,9,asof_pitcher_reverse_rate,29524,29506,0.18506189437063644,0.05524693719745815,0.11937400000000001,0.1456695,0.1836525,0.222222,0.2509115
2019,9,asof_pitcher_middle_rate,29524,29506,0.12714319534332,0.029393817130430253,0.0994152,0.11442274999999999,0.126214,0.141863,0.157503
2019,9,asof_pitcher_ball_rate,29524,29506,0.3662764840032536,0.04197749484249246,0.325615,0.34460275,0.36415,0.38697675,0.410172
2019,9,asof_pitcher_strike_rate,29524,29506,0.43966580390429066,0.03898480541754792,0.4,0.4216015,0.440678,0.45883575,0.4783735
2019,9,asof_pitcher_prev1_game_success_rate,29524,29047,0.5567177834544015,0.1389969716376892,0.4,0.47561,0.565217,0.632184,0.712644
2019,9,asof_pitcher_prev3_game_success_rate,29524,29047,0.5573133474713395,0.08999515848682711,0.444444,0.5,0.56129,0.617761,0.666667
2019,9,asof_pitcher_prev5_game_success_rate,29524,29047,0.5558072931111647,0.07657961364856669,0.458599,0.510067,0.557377,0.607143,0.65
2019,9,asof_pitcher_prev1_game_middle_rate,29524,29047,0.13048063772506627,0.08241299594606641,0.0327869,0.08,0.121951,0.168675,0.230769
2019,9,asof_pitcher_prev3_game_middle_rate,29524,29047,0.13023162438806074,0.04971399664131594,0.0722892,0.0984761,0.127451,0.157609,0.190244
2019,9,asof_pitcher_prev5_game_middle_rate,29524,29047,0.13064123748407755,0.03899472887055741,0.0833333,0.108225,0.130435,0.155294,0.175904
2019,9,asof_batter_success_rate,29524,29494,0.5557651275852715,0.05813762894702039,0.4954256,0.53201175,0.5543914999999999,0.57627775,0.5996057
2019,9,asof_batter_middle_rate,29524,29494,0.12911591503356615,0.030325277405192804,0.10535850000000001,0.117801,0.12853350000000002,0.14079725,0.1611253
2019,9,asof_pitcher_fastball_rate,29524,29506,0.5512330133532163,0.10229000967355208,0.4281025,0.48775325,0.5303495,0.613384,0.6933564999999999
2019,9,asof_pitcher_breaking_rate,29524,29506,0.2887866631634244,0.113944850808634,0.126749,0.229885,0.2853685,0.35939425,0.444444
2019,9,asof_pitcher_offspeed_rate,29524,29506,0.15998031805869992,0.1178434062965206,0.009250214999999999,0.06432245,0.1508215,0.20975475,0.3236435
2019,9,control_success,29524,29524,0.559612518628912,0.49644203612092924,0.0,0.0,1.0,1.0,1.0
2019,10,asof_pitcher_success_rate,607,607,0.5513962570016475,0.04058137916313375,0.5024294,0.514456,0.5625,0.5726465000000001,0.5893222
2019,10,asof_pitcher_reverse_rate,607,607,0.19635202899505766,0.038195075927750816,0.154656,0.168145,0.194444,0.225671,0.2586162
2019,10,asof_pitcher_middle_rate,607,607,0.11820829868204283,0.02239667735047586,0.09483784,0.1,0.122977,0.1319515,0.143979
2019,10,asof_pitcher_ball_rate,607,607,0.36849116803953874,0.026810484605288207,0.3274302,0.3490715,0.372772,0.387618,0.40526799999999996
2019,10,asof_pitcher_strike_rate,607,607,0.441661611202636,0.022999560494733316,0.42110960000000003,0.424658,0.442982,0.4493975,0.4620616
2019,10,asof_pitcher_prev1_game_success_rate,607,607,0.5451886210873146,0.14170313817539074,0.357143,0.461538,0.531646,0.587596,0.7
2019,10,asof_pitcher_prev3_game_success_rate,607,607,0.5355168649093903,0.07076531112372195,0.450704,0.486486,0.541985,0.573077,0.615385
2019,10,asof_pitcher_prev5_game_success_rate,607,607,0.5399631433278419,0.06130707569240822,0.442623,0.502404,0.544662,0.577726,0.603175
2019,10,asof_pitcher_prev1_game_middle_rate,607,607,0.1187009482701812,0.09864019656070683,0.0,0.037037,0.113924,0.2,0.280488
2019,10,asof_pitcher_prev3_game_middle_rate,607,607,0.12791296161449753,0.052278104010299344,0.0666667,0.0791139,0.122807,0.167883,0.186441
2019,10,asof_pitcher_prev5_game_middle_rate,607,607,0.1282933054365733,0.04648137170044686,0.0745098,0.0909091,0.122407,0.164835,0.186047
2019,10,asof_batter_success_rate,607,607,0.5447006523887974,0.044263641040897764,0.5158688,0.5257670000000001,0.542056,0.5648105,0.5847932
2019,10,asof_batter_middle_rate,607,607,0.12486190708401977,0.021914567875415746,0.10808279999999999,0.115938,0.125856,0.13457950000000002,0.14483479999999999
2019,10,asof_pitcher_fastball_rate,607,607,0.5464969456342669,0.12349496435279067,0.37929399999999996,0.460652,0.537525,0.6224510000000001,0.7147072
2019,10,asof_pitcher_breaking_rate,607,607,0.3065669434925865,0.13868404365115453,0.1349234,0.232885,0.277815,0.4011935,0.4690706
2019,10,asof_pitcher_offspeed_rate,607,607,0.14693606939044482,0.11207006773622848,0.011439440000000002,0.05420305,0.138776,0.2386875,0.3067062
2019,10,control_success,607,607,0.5980230642504119,0.4907017062163776,0.0,0.0,1.0,1.0,1.0
2020,5,asof_pitcher_success_rate,40734,40690,0.5587317133202261,0.0642525697040145,0.48663639999999997,0.51970225,0.553191,0.59932025,0.6282272
2020,5,asof_pitcher_reverse_rate,40734,40690,0.1818695135536987,0.059347244812287814,0.1195645,0.14161674999999999,0.18057849999999998,0.21909925,0.24901109999999999
2020,5,asof_pitcher_middle_rate,40734,40690,0.13370451049889406,0.040672889106834205,0.10032780000000001,0.114035,0.1273665,0.1487755,0.177419
2020,5,asof_pitcher_ball_rate,40734,40690,0.3680042765298599,0.04786892881915738,0.32682639999999996,0.34481425,0.36419,0.386555,0.412451
2020,5,asof_pitcher_strike_rate,40734,40690,0.44003907444826734,0.04564855460213094,0.3976389,0.420875,0.4412555,0.46,0.4796914
2020,5,asof_pitcher_prev1_game_success_rate,40734,38622,0.5496682206359069,0.13011026644000284,0.4,0.46875,0.544554,0.625,0.708333
2020,5,asof_pitcher_prev3_game_success_rate,40734,38622,0.5537375156387551,0.08565802408053659,0.447368,0.5,0.554839,0.611765,0.660194
2020,5,asof_pitcher_prev5_game_success_rate,40734,38622,0.556185634897209,0.07482993251004838,0.461538,0.505376,0.556936,0.603175,0.647059
2020,5,asof_pitcher_prev1_game_middle_rate,40734,38622,0.14459651256019884,0.08729532369836222,0.03125,0.0833333,0.142857,0.197183,0.256757
2020,5,asof_pitcher_prev3_game_middle_rate,40734,38622,0.14216484223240639,0.05588653955319449,0.0746269,0.10396,0.139013,0.176471,0.212766
2020,5,asof_pitcher_prev5_game_middle_rate,40734,38622,0.13869915878773756,0.04595448481634507,0.0822943,0.109489,0.133333,0.169014,0.197802
2020,5,asof_batter_success_rate,40734,40699,0.5610051316739969,0.05290789133445764,0.5155896,0.5356380000000001,0.55485,0.578616,0.6079430000000001
2020,5,asof_batter_middle_rate,40734,40699,0.13144678361630507,0.031984207651481744,0.106742,0.12,0.130137,0.140658,0.15941520000000003
2020,5,asof_pitcher_fastball_rate,40734,40690,0.56247528982551,0.10921621013605089,0.4394367,0.49562825,0.544161,0.6208645,0.7148817999999999
2020,5,asof_pitcher_breaking_rate,40734,40690,0.28100289802408457,0.10983282410016584,0.12516359999999999,0.21944750000000002,0.2807725,0.3441035,0.4157316
2020,5,asof_pitcher_offspeed_rate,40734,40690,0.15652180857335957,0.11225608009958034,0.0240964,0.0722892,0.136032,0.212121,0.3024342
2020,5,control_success,40734,40734,0.5430353022045465,0.49815063467408705,0.0,0.0,1.0,1.0,1.0
2020,6,asof_pitcher_success_rate,41502,41478,0.5500625531607117,0.06032926088684961,0.476882,0.515436,0.5452465,0.58870875,0.6173024
2020,6,asof_pitcher_reverse_rate,41502,41478,0.18718107593181926,0.05382726151336091,0.12164670000000001,0.14909925000000002,0.185093,0.2243705,0.25282550000000004
2020,6,asof_pitcher_middle_rate,41502,41478,0.13697996125174794,0.03482654687286428,0.106542,0.11961025,0.1324365,0.15238,0.1710086
2020,6,asof_pitcher_ball_rate,41502,41478,0.37024207218284394,0.04175065418773158,0.33213,0.348444,0.366316,0.387781,0.416
2020,6,asof_pitcher_strike_rate,41502,41478,0.4376499708062106,0.03898283870062619,0.3975631,0.41903625,0.440247,0.4588895,0.476636
2020,6,asof_pitcher_prev1_game_success_rate,41502,40716,0.5344175430445034,0.12220088899352682,0.393939,0.461538,0.532609,0.611765,0.670732
2020,6,asof_pitcher_prev3_game_success_rate,41502,40716,0.535908235165537,0.08345517791300637,0.434783,0.479853,0.532468,0.589577,0.642553
2020,6,asof_pitcher_prev5_game_success_rate,41502,40716,0.5379991196335592,0.07273159227026116,0.447761,0.490153,0.537109,0.583333,0.629213
2020,6,asof_pitcher_prev1_game_middle_rate,41502,40716,0.14876421469201298,0.08590774884341765,0.0574713,0.0909091,0.142857,0.2,0.254717
2020,6,asof_pitcher_prev3_game_middle_rate,41502,40716,0.1475413961047254,0.049900791239128016,0.0851064,0.116,0.145161,0.177778,0.209302
2020,6,asof_pitcher_prev5_game_middle_rate,41502,40716,0.14712963277826901,0.042109984687424204,0.0954198,0.123142,0.14539,0.172113,0.2
2020,6,asof_batter_success_rate,41502,41476,0.5568377934950333,0.05198285492805565,0.5125949999999999,0.531915,0.552577,0.5749602500000001,0.608108
2020,6,asof_batter_middle_rate,41502,41476,0.13437106151268202,0.02918658249426465,0.1097325,0.1227825,0.131836,0.140408,0.1620855
2020,6,asof_pitcher_fastball_rate,41502,41478,0.5610422751096966,0.10346406236621744,0.44128680000000003,0.49472475,0.549157,0.6218112499999999,0.695652
2020,6,asof_pitcher_breaking_rate,41502,41478,0.28128217700708813,0.10510032550264861,0.14264369999999998,0.223776,0.280871,0.33893675,0.417582
2020,6,asof_pitcher_offspeed_rate,41502,41478,0.15767554523798158,0.1111238590140296,0.025,0.0787037,0.1386925,0.21317750000000002,0.3084644
2020,6,control_success,41502,41502,0.5314201725218062,0.49901780822120473,0.0,0.0,1.0,1.0,1.0
2020,7,asof_pitcher_success_rate,39435,39425,0.5471906577045021,0.05393197847666644,0.4817342,0.513399,0.543974,0.584466,0.6108418
2020,7,asof_pitcher_reverse_rate,39435,39425,0.18915842165377297,0.04950536978277003,0.1280288,0.153409,0.1875,0.224121,0.2516056
2020,7,asof_pitcher_middle_rate,39435,39425,0.13800272364895372,0.02796910365130894,0.110811,0.121894,0.136257,0.15109,0.1670206
2020,7,asof_pitcher_ball_rate,39435,39425,0.36835604882688655,0.04010893037774314,0.3291556,0.345455,0.361538,0.385757,0.41436259999999997
2020,7,asof_pitcher_strike_rate,39435,39425,0.44110762206721615,0.03343266994561064,0.404412,0.422497,0.443086,0.459957,0.47765379999999996
2020,7,asof_pitcher_prev1_game_success_rate,39435,39236,0.5314406829977573,0.12575869278732962,0.376344,0.461538,0.536842,0.602941,0.684211
2020,7,asof_pitcher_prev3_game_success_rate,39435,39236,0.5290646784840453,0.07988410323137707,0.428571,0.48591425,0.529032,0.576471,0.626415
2020,7,asof_pitcher_prev5_game_success_rate,39435,39236,0.5298799481598532,0.07001744149149572,0.446429,0.486111,0.529412,0.569647,0.617284
2020,7,asof_pitcher_prev1_game_middle_rate,39435,39236,0.15668590496227955,0.1005896365967111,0.0526316,0.0909091,0.142857,0.204545,0.28
2020,7,asof_pitcher_prev3_game_middle_rate,39435,39236,0.15588642151595475,0.05874536692989844,0.0857143,0.118056,0.149635,0.189369,0.230769
2020,7,asof_pitcher_prev5_game_middle_rate,39435,39236,0.15331861289377105,0.04784142493963456,0.0977131,0.121212,0.153119,0.180851,0.214286
2020,7,asof_batter_success_rate,39435,39424,0.5497015485237419,0.04195608971831369,0.5085014999999999,0.53232725,0.5486225,0.5679375,0.5855203999999999
2020,7,asof_batter_middle_rate,39435,39424,0.13821792072088068,0.025326419883654513,0.117699,0.127214,0.1359185,0.143053,0.16474400000000006
2020,7,asof_pitcher_fastball_rate,39435,39425,0.5582698673430565,0.10279112100226286,0.4446988,0.487931,0.54163,0.612395,0.6923775999999998
2020,7,asof_pitcher_breaking_rate,39435,39425,0.2849469773772987,0.10726983102902343,0.143939,0.218974,0.289557,0.353324,0.4281136
2020,7,asof_pitcher_offspeed_rate,39435,39425,0.1567831519657578,0.10732547084581427,0.025641,0.0806133,0.137018,0.210918,0.31195939999999994
2020,7,control_success,39435,39435,0.5287181437809053,0.4991809161119847,0.0,0.0,1.0,1.0,1.0
2020,8,asof_pitcher_success_rate,38652,38639,0.5451961104324646,0.05352501747078736,0.484375,0.5137,0.541667,0.5810409999999999,0.6036526000000001
2020,8,asof_pitcher_reverse_rate,38652,38639,0.1919494335438288,0.0504038481844192,0.132075,0.16006949999999998,0.191558,0.222222,0.2572872
2020,8,asof_pitcher_middle_rate,38652,38639,0.1384015251507544,0.02442576201776117,0.1140494,0.123856,0.139324,0.1512155,0.16633360000000005
2020,8,asof_pitcher_ball_rate,38652,38639,0.36763353826444783,0.03639444754308882,0.32998659999999996,0.3482345,0.363481,0.3850405,0.4078572000000001
2020,8,asof_pitcher_strike_rate,38652,38639,0.4410570495354435,0.03422948450947423,0.405685,0.422093,0.440523,0.4599445,0.47829360000000004
2020,8,asof_pitcher_prev1_game_success_rate,38652,38367,0.5276599187478823,0.12847392839272823,0.375,0.461538,0.531915,0.602273,0.666667
2020,8,asof_pitcher_prev3_game_success_rate,38652,38367,0.5293088899106002,0.07901569064038302,0.434783,0.482759,0.530612,0.575472,0.621795
2020,8,asof_pitcher_prev5_game_success_rate,38652,38367,0.5301871156983867,0.06788452483778035,0.443992,0.488889,0.531447,0.572327,0.611765
2020,8,asof_pitcher_prev1_game_middle_rate,38652,38367,0.1567611992441421,0.09303403606181036,0.0555556,0.0963855,0.15,0.2,0.266667
2020,8,asof_pitcher_prev3_game_middle_rate,38652,38367,0.15391373529335103,0.053993117548501106,0.0909091,0.116981,0.151515,0.181818,0.222222
2020,8,asof_pitcher_prev5_game_middle_rate,38652,38367,0.15273113338285504,0.04317757766426411,0.101852,0.123043,0.151515,0.177628,0.208333
2020,8,asof_batter_success_rate,38652,38644,0.5443894238432875,0.04001714466832767,0.5013609,0.529054,0.5449065,0.561617,0.5761827
2020,8,asof_batter_middle_rate,38652,38644,0.13875031917244593,0.02155859980463277,0.1207602,0.12933,0.136951,0.1449475,0.1623834
2020,8,asof_pitcher_fastball_rate,38652,38639,0.5554498462434329,0.10220603134509376,0.44153739999999997,0.4851745,0.53719,0.609471,0.6979366000000001
2020,8,asof_pitcher_breaking_rate,38652,38639,0.2898637328269365,0.10966140211838675,0.15317640000000002,0.225345,0.28527,0.35674249999999996,0.42526800000000003
2020,8,asof_pitcher_offspeed_rate,38652,38639,0.15468641427966562,0.1043043565438483,0.023663260000000002,0.07791025,0.139073,0.21109250000000002,0.2987562000000001
2020,8,control_success,38652,38652,0.527864017385905,0.4992294508395228,0.0,0.0,1.0,1.0,1.0
2020,9,asof_pitcher_success_rate,43467,43456,0.5427517297726435,0.04888738599574056,0.48488200000000004,0.51270575,0.5392330000000001,0.5780995,0.5964240000000001
2020,9,asof_pitcher_reverse_rate,43467,43456,0.19772963558081735,0.048514546875517144,0.1356385,0.163763,0.198912,0.22963825000000002,0.2598545
2020,9,asof_pitcher_middle_rate,43467,43456,0.13900963505614877,0.02634022826234808,0.1153545,0.1239205,0.1379725,0.151503,0.16726000000000002
2020,9,asof_pitcher_ball_rate,43467,43456,0.3712679501564801,0.038249847635677875,0.33304100000000003,0.3508035,0.365313,0.38743649999999996,0.41894200000000004
2020,9,asof_pitcher_strike_rate,43467,43456,0.4395518022367452,0.03418675988904013,0.401575,0.42271375,0.43869100000000005,0.459141,0.477612
2020,9,asof_pitcher_prev1_game_success_rate,43467,43178,0.5321722294687109,0.13004961815554408,0.376623,0.458333,0.530612,0.612613,0.693878
2020,9,asof_pitcher_prev3_game_success_rate,43467,43178,0.5321983302144611,0.08126510621086765,0.421053,0.48495,0.537671,0.586957,0.633218
2020,9,asof_pitcher_prev5_game_success_rate,43467,43178,0.5322925958590021,0.06787030624360246,0.446953,0.493213,0.534568,0.575758,0.619403
2020,9,asof_pitcher_prev1_game_middle_rate,43467,43178,0.13732949832785216,0.08354761097953889,0.05,0.0810811,0.126582,0.181818,0.241935
2020,9,asof_pitcher_prev3_game_middle_rate,43467,43178,0.13921865253138171,0.04729704437164565,0.0813559,0.107884,0.136095,0.164983,0.2
2020,9,asof_pitcher_prev5_game_middle_rate,43467,43178,0.14153235249432577,0.04046646505494516,0.0939227,0.115607,0.138716,0.165289,0.192308
2020,9,asof_batter_success_rate,43467,43458,0.5451132979888629,0.036492537024059225,0.5076572,0.53004525,0.543686,0.55779875,0.5770886000000001
2020,9,asof_batter_middle_rate,43467,43458,0.1385626874016292,0.019668697767595868,0.1200961,0.13069925000000002,0.1365885,0.145313,0.1629566
2020,9,asof_pitcher_fastball_rate,43467,43456,0.5546200470130708,0.10087467949787651,0.43938699999999997,0.48744825,0.5398015,0.611111,0.681411
2020,9,asof_pitcher_breaking_rate,43467,43456,0.2905411909954897,0.11136191379823221,0.152958,0.217391,0.2912575,0.35830225,0.424242
2020,9,asof_pitcher_offspeed_rate,43467,43456,0.15483875971557437,0.10335340456703071,0.028866,0.07621705000000001,0.142253,0.214649,0.30279500000000004
2020,9,control_success,43467,43467,0.5384774656636069,0.49852302072883714,0.0,0.0,1.0,1.0,1.0
2020,10,asof_pitcher_success_rate,40297,40289,0.5396105506962198,0.04868203944404915,0.481455,0.512399,0.537023,0.572854,0.5978094
2020,10,asof_pitcher_reverse_rate,40297,40289,0.2033940386606766,0.049998087538614684,0.138188,0.17209,0.205092,0.236301,0.264917
2020,10,asof_pitcher_middle_rate,40297,40289,0.13770316875077565,0.02557141627457113,0.113514,0.123494,0.134111,0.151985,0.16436660000000003
2020,10,asof_pitcher_ball_rate,40297,40289,0.3740903271612599,0.036105314696384075,0.333953,0.352326,0.368742,0.391684,0.42088200000000003
2020,10,asof_pitcher_strike_rate,40297,40289,0.4374297791208519,0.03348724799055266,0.3966428,0.417842,0.4375,0.45843,0.47712600000000005
2020,10,asof_pitcher_prev1_game_success_rate,40297,40103,0.5288523005834975,0.13385792064171748,0.363636,0.445652,0.535211,0.619048,0.6875
2020,10,asof_pitcher_prev3_game_success_rate,40297,40103,0.5351116701992369,0.08746466572913243,0.424658,0.479624,0.538462,0.590164,0.646465
2020,10,asof_pitcher_prev5_game_success_rate,40297,40103,0.5363779562875596,0.07334630129655144,0.445946,0.49505,0.531646,0.583333,0.629464
2020,10,asof_pitcher_prev1_game_middle_rate,40297,40103,0.13835934844774705,0.09586049102097298,0.0315789,0.0729167,0.130435,0.186916,0.25
2020,10,asof_pitcher_prev3_game_middle_rate,40297,40103,0.13439939274119142,0.05577457102652475,0.0699301,0.1,0.125,0.166667,0.208955
2020,10,asof_pitcher_prev5_game_middle_rate,40297,40103,0.13456942893050397,0.04617925038539195,0.0819672,0.104384,0.127517,0.160714,0.198113
2020,10,asof_batter_success_rate,40297,40291,0.543257496066119,0.03272889559217661,0.506752,0.53122,0.542092,0.5569394999999999,0.570978
2020,10,asof_batter_middle_rate,40297,40291,0.13788708207291953,0.019779711258861177,0.119102,0.128726,0.135059,0.143145,0.162928
2020,10,asof_pitcher_fastball_rate,40297,40289,0.554667705180074,0.09782023359101322,0.437516,0.488378,0.541013,0.617157,0.6823852000000001
2020,10,asof_pitcher_breaking_rate,40297,40289,0.2844835992876467,0.10945643602939588,0.1507688,0.216901,0.282222,0.34928,0.42064860000000004
2020,10,asof_pitcher_offspeed_rate,40297,40289,0.16084869654074313,0.10676270458063264,0.03213794,0.0800076,0.14614,0.227914,0.30588020000000005
2020,10,control_success,40297,40297,0.5259448594188153,0.49933260624026543,0.0,0.0,1.0,1.0,1.0
2021,4,asof_pitcher_success_rate,41889,41856,0.5409251518635322,0.05763239093040556,0.4792695,0.512402,0.5386205,0.57388375,0.5931500000000001
2021,4,asof_pitcher_reverse_rate,41889,41856,0.2089282588577504,0.062332926649989975,0.144737,0.17640475,0.20872849999999998,0.23908,0.271879
2021,4,asof_pitcher_middle_rate,41889,41856,0.1398467406536697,0.03381485771323988,0.109321,0.123414,0.13825749999999998,0.153769,0.17284
2021,4,asof_pitcher_ball_rate,41889,41856,0.37562049655963303,0.04508519965307068,0.3338995,0.35036174999999997,0.372463,0.395421,0.419048
2021,4,asof_pitcher_strike_rate,41889,41856,0.44098815838828365,0.04447151132500423,0.400656,0.42086075,0.440358,0.46069225,0.485902
2021,4,asof_pitcher_prev1_game_success_rate,41889,40261,0.5446317063659621,0.12905667126522918,0.38961,0.466667,0.542857,0.628571,0.696078
2021,4,asof_pitcher_prev3_game_success_rate,41889,40261,0.5417137815503837,0.08555031915905045,0.437276,0.492228,0.546559,0.59375,0.641791
2021,4,asof_pitcher_prev5_game_success_rate,41889,40261,0.5402036964804648,0.07250054074787718,0.449275,0.494331,0.545455,0.585903,0.626374
2021,4,asof_pitcher_prev1_game_middle_rate,41889,40261,0.14631571543180746,0.08393362423451466,0.047619,0.0909091,0.14,0.195122,0.25
2021,4,asof_pitcher_prev3_game_middle_rate,41889,40261,0.14666656870668887,0.05349402784509298,0.0846774,0.111111,0.142857,0.177778,0.216667
2021,4,asof_pitcher_prev5_game_middle_rate,41889,40261,0.1440014779786891,0.04563509948905477,0.0915493,0.114286,0.140541,0.16996,0.202572
2021,4,asof_batter_success_rate,41889,41854,0.5457039215845558,0.04705287605610457,0.5039944,0.5297645,0.542017,0.559213,0.5779763000000001
2021,4,asof_batter_middle_rate,41889,41854,0.13802556031848806,0.027074140280879982,0.11953130000000001,0.12958225,0.1371865,0.14535575,0.1665181
2021,4,asof_pitcher_fastball_rate,41889,41856,0.559717616040711,0.10489519676665099,0.443182,0.4865025,0.549665,0.622015,0.6984995
2021,4,asof_pitcher_breaking_rate,41889,41856,0.2858180483514909,0.11390848118264632,0.150144,0.20545425,0.2798905,0.3583985,0.42527950000000003
2021,4,asof_pitcher_offspeed_rate,41889,41856,0.15446433312394878,0.11032166371231793,0.0168539,0.0666667,0.13794,0.22631874999999999,0.3025465
2021,4,control_success,41889,41889,0.5452744157177302,0.4979519521431992,0.0,0.0,1.0,1.0,1.0
2021,5,asof_pitcher_success_rate,41581,41560,0.540129665784408,0.054783228799981244,0.477573,0.507937,0.539548,0.5717155,0.5949377
2021,5,asof_pitcher_reverse_rate,41581,41560,0.2151640219538017,0.055919755394268265,0.1533356,0.181188,0.2134905,0.24541125,0.2801740999999999
2021,5,asof_pitcher_middle_rate,41581,41560,0.13851549916746872,0.03012197947415745,0.1129408,0.12449974999999999,0.13834649999999998,0.151556,0.1675291
2021,5,asof_pitcher_ball_rate,41581,41560,0.37846397088546674,0.04170641609395631,0.337625,0.35361075,0.3726835,0.3976875,0.4220717
2021,5,asof_pitcher_strike_rate,41581,41560,0.4387739592083734,0.04053497248222061,0.4,0.42013825,0.44090399999999996,0.459189,0.4828213
2021,5,asof_pitcher_prev1_game_success_rate,41581,40962,0.5306022103657049,0.13583617423736405,0.375,0.455446,0.529412,0.607843,0.693694
2021,5,asof_pitcher_prev3_game_success_rate,41581,40962,0.5310815767784777,0.0890794883533459,0.425,0.478261,0.53169,0.580328,0.636364
2021,5,asof_pitcher_prev5_game_success_rate,41581,40962,0.5333860048093356,0.07780422507537933,0.4415882000000001,0.485549,0.53271,0.576087,0.621622
2021,5,asof_pitcher_prev1_game_middle_rate,41581,40962,0.14511714991699626,0.08648586028440365,0.0510204,0.0909091,0.133333,0.192308,0.25
2021,5,asof_pitcher_prev3_game_middle_rate,41581,40962,0.14459361577559687,0.05317421266197463,0.0811966,0.108108,0.140496,0.175258,0.213115
2021,5,asof_pitcher_prev5_game_middle_rate,41581,40962,0.1449018152873395,0.04541030148446974,0.0925926,0.114833,0.143141,0.173529,0.2
2021,5,asof_batter_success_rate,41581,41565,0.5456236264886323,0.043346240990048183,0.506573,0.528786,0.54164,0.558275,0.5796616
2021,5,asof_batter_middle_rate,41581,41565,0.14041235511608324,0.024383339837389793,0.123377,0.13179,0.139075,0.148148,0.1639166
2021,5,asof_pitcher_fastball_rate,41581,41560,0.5509093011790183,0.09967560808384691,0.4341349,0.4822315,0.5392255,0.6114092499999999,0.6881451
2021,5,asof_pitcher_breaking_rate,41581,41560,0.2920239046920115,0.11148394778094049,0.150159,0.20971225000000002,0.29189,0.3645925,0.429742
2021,5,asof_pitcher_offspeed_rate,41581,41560,0.15706679101879212,0.10987271286163153,0.02467625000000008,0.070537675,0.1404445,0.2268285,0.31847169999999997
2021,5,control_success,41581,41581,0.5439503619441571,0.49807060918622603,0.0,0.0,1.0,1.0,1.0
2021,6,asof_pitcher_success_rate,43100,43088,0.5353629057742294,0.051501665704525,0.47541,0.5053842500000001,0.5347965,0.5625,0.5907929
2021,6,asof_pitcher_reverse_rate,43100,43088,0.22136772040011138,0.05247992585017539,0.165217,0.18837,0.219891,0.24835274999999998,0.2864089
2021,6,asof_pitcher_middle_rate,43100,43088,0.14121617175547718,0.025878788812555398,0.1185814,0.126303,0.139991,0.15242625,0.17347560000000006
2021,6,asof_pitcher_ball_rate,43100,43088,0.3784714738210175,0.03829379349903115,0.33945,0.353922,0.37325050000000004,0.397448,0.42030520000000005
2021,6,asof_pitcher_strike_rate,43100,43088,0.4385909056140921,0.035079037269717124,0.401294,0.42008275,0.4398535,0.45739125,0.47878950000000003
2021,6,asof_pitcher_prev1_game_success_rate,43100,42703,0.5358874483877011,0.13314475932439226,0.375,0.45084199999999996,0.533981,0.608247,0.7
2021,6,asof_pitcher_prev3_game_success_rate,43100,42703,0.5300808775261691,0.08975271703589274,0.423729,0.473684,0.52381,0.576923,0.638298
2021,6,asof_pitcher_prev5_game_success_rate,43100,42703,0.5279565792098916,0.07629448697248287,0.4375,0.481013,0.525424,0.56487,0.611345
2021,6,asof_pitcher_prev1_game_middle_rate,43100,42703,0.14380956875160997,0.07946978117861803,0.0555556,0.0952381,0.136842,0.185185,0.235849
2021,6,asof_pitcher_prev3_game_middle_rate,43100,42703,0.14248064027117532,0.046422581322893876,0.0869565,0.114286,0.13986,0.168459,0.2
2021,6,asof_pitcher_prev5_game_middle_rate,43100,42703,0.14365531247921692,0.04056334457380837,0.0944882,0.117043,0.141129,0.169811,0.195335
2021,6,asof_batter_success_rate,43100,43089,0.5446639321636612,0.04306788309036469,0.506329,0.527321,0.539088,0.554896,0.5813806000000001
2021,6,asof_batter_middle_rate,43100,43089,0.13987703189213022,0.019946026887865852,0.122642,0.132609,0.139339,0.148832,0.1609392
2021,6,asof_pitcher_fastball_rate,43100,43088,0.5472397833735612,0.09518810164121025,0.43529429999999997,0.483615,0.5407035,0.61097075,0.666667
2021,6,asof_pitcher_breaking_rate,43100,43088,0.2944940938938916,0.11037573215141534,0.1568087,0.2192085,0.29601500000000003,0.36527225,0.4250222
2021,6,asof_pitcher_offspeed_rate,43100,43088,0.1582661230757287,0.11208701337219484,0.02613725,0.0723684,0.14361400000000002,0.22880875,0.3127556
2021,6,control_success,43100,43100,0.538631090487239,0.4985111882596381,0.0,0.0,1.0,1.0,1.0
2021,7,asof_pitcher_success_rate,12742,12735,0.5409435847663918,0.05749450947937901,0.4778974,0.5064949999999999,0.537126,0.5727645,0.5969504
2021,7,asof_pitcher_reverse_rate,12742,12735,0.2175933811385944,0.05742274133639643,0.1583868,0.185207,0.216886,0.2491665,0.2903054
2021,7,asof_pitcher_middle_rate,12742,12735,0.1395742075853946,0.02530878777249654,0.1137562,0.126171,0.138326,0.151733,0.1696058
2021,7,asof_pitcher_ball_rate,12742,12735,0.3811019854731056,0.041672044972914636,0.33726079999999997,0.35631100000000004,0.377079,0.40276449999999997,0.424242
2021,7,asof_pitcher_strike_rate,12742,12735,0.4382055020808795,0.03816520588068619,0.3993762,0.4205065,0.437851,0.458264,0.47524720000000004
2021,7,asof_pitcher_prev1_game_success_rate,12742,12415,0.5463509914619412,0.13592316455360862,0.4,0.456311,0.53125,0.636364,0.746988
2021,7,asof_pitcher_prev3_game_success_rate,12742,12415,0.5445682765203385,0.09745054370531357,0.433036,0.477011,0.531056,0.59,0.696774
2021,7,asof_pitcher_prev5_game_success_rate,12742,12415,0.5429164474426098,0.08733963214600982,0.449367,0.481409,0.532787,0.577406,0.695775
2021,7,asof_pitcher_prev1_game_middle_rate,12742,12415,0.13917210630688684,0.0739291360284953,0.0576923,0.0930233,0.133333,0.179487,0.25
2021,7,asof_pitcher_prev3_game_middle_rate,12742,12415,0.14133712736206203,0.04703666573447025,0.0869565,0.113636,0.140845,0.167832,0.201954
2021,7,asof_pitcher_prev5_game_middle_rate,12742,12415,0.1409492525235602,0.03932562215490195,0.0918367,0.113924,0.139241,0.166667,0.192593
2021,7,asof_batter_success_rate,12742,12737,0.5510305830258303,0.04933392412282826,0.5131816,0.528645,0.540168,0.559712,0.5994026
2021,7,asof_batter_middle_rate,12742,12737,0.13849455127581062,0.02276429462830425,0.11916260000000001,0.131313,0.139333,0.14736,0.159033
2021,7,asof_pitcher_fastball_rate,12742,12735,0.5543854190027483,0.10124527884496883,0.4431622,0.486626,0.545362,0.6159375,0.684211
2021,7,asof_pitcher_breaking_rate,12742,12735,0.287236956631331,0.11413816154746995,0.1309084,0.21075850000000002,0.280374,0.35431650000000003,0.4242708
2021,7,asof_pitcher_offspeed_rate,12742,12735,0.1583776205679623,0.11095279647993808,0.02289126,0.07298305,0.13964,0.2414635,0.3219272
2021,7,control_success,12742,12742,0.5569769266991054,0.49676251541409994,0.0,0.0,1.0,1.0,1.0
2021,8,asof_pitcher_success_rate,27325,27319,0.5302157454811668,0.05240573426302252,0.47383159999999996,0.49837600000000004,0.530073,0.5596985,0.587156
2021,8,asof_pitcher_reverse_rate,27325,27319,0.2285180874849006,0.05360963849132978,0.169631,0.196429,0.226678,0.255215,0.2906554
2021,8,asof_pitcher_middle_rate,27325,27319,0.1414430051758849,0.024056515815425315,0.1181206,0.129174,0.140877,0.152249,0.16792780000000002
2021,8,asof_pitcher_ball_rate,27325,27319,0.3792451671364252,0.037206642119004554,0.3407408,0.3527995,0.375,0.39832650000000003,0.42489600000000005
2021,8,asof_pitcher_strike_rate,27325,27319,0.4396805119879937,0.035053168460682974,0.3971614,0.42191449999999997,0.439323,0.4597795,0.47798520000000005
2021,8,asof_pitcher_prev1_game_success_rate,27325,27044,0.5290096142027807,0.12927775426614327,0.368421,0.454545,0.529412,0.6,0.694444
2021,8,asof_pitcher_prev3_game_success_rate,27325,27044,0.5316463979440912,0.08617401552150891,0.4320022000000001,0.477273,0.527273,0.571942,0.634146
2021,8,asof_pitcher_prev5_game_success_rate,27325,27044,0.5316807943351575,0.07857057886488171,0.445498,0.478261,0.527311,0.56681,0.626506
2021,8,asof_pitcher_prev1_game_middle_rate,27325,27044,0.15170780759872798,0.0885933314624869,0.0625,0.0961538,0.140351,0.2,0.255814
2021,8,asof_pitcher_prev3_game_middle_rate,27325,27044,0.14786637698195532,0.05121339811719579,0.0884956,0.111111,0.142857,0.182724,0.20979
2021,8,asof_pitcher_prev5_game_middle_rate,27325,27044,0.14720666053468423,0.04246538381653197,0.0984683,0.119734,0.145299,0.173494,0.2
2021,8,asof_batter_success_rate,27325,27319,0.5444474221970057,0.041493535329381416,0.507109,0.525418,0.537785,0.5556445,0.5863216000000001
2021,8,asof_batter_middle_rate,27325,27319,0.14199152212013616,0.023264198490589347,0.1253206,0.133333,0.140436,0.150041,0.1629314
2021,8,asof_pitcher_fastball_rate,27325,27319,0.5492708629159193,0.09403601223293398,0.4406732,0.48346199999999995,0.54465,0.61203,0.6687708
2021,8,asof_pitcher_breaking_rate,27325,27319,0.28824104221604013,0.1077973238345504,0.1537374,0.21027200000000001,0.281369,0.3598115,0.4196124
2021,8,asof_pitcher_offspeed_rate,27325,27319,0.16248809283480362,0.1155857013910523,0.027178780000000003,0.07637179999999999,0.139425,0.2378025,0.3212374
2021,8,control_success,27325,27325,0.5365416285452882,0.4986720465197008,0.0,0.0,1.0,1.0,1.0
2021,9,asof_pitcher_success_rate,42805,42791,0.5340307436610502,0.05607633931398177,0.477223,0.5008395,0.533194,0.563246,0.591297
2021,9,asof_pitcher_reverse_rate,42805,42791,0.22594058942300954,0.05480010732687045,0.165617,0.192812,0.230216,0.257946,0.290257
2021,9,asof_pitcher_middle_rate,42805,42791,0.14255231854829284,0.028230823206596936,0.118561,0.130834,0.141655,0.154316,0.170886
2021,9,asof_pitcher_ball_rate,42805,42791,0.3779929082751046,0.03757255388104187,0.338524,0.35205549999999997,0.37422,0.3982245,0.425906
2021,9,asof_pitcher_strike_rate,42805,42791,0.43768479570470425,0.036034223523870534,0.398268,0.4200955,0.439024,0.45846,0.472365
2021,9,asof_pitcher_prev1_game_success_rate,42805,42366,0.5277203702591702,0.13544568346703748,0.362745,0.454545,0.526316,0.6,0.694118
2021,9,asof_pitcher_prev3_game_success_rate,42805,42366,0.5253741207100033,0.08861228517968642,0.418006,0.47619,0.52381,0.574007,0.632509
2021,9,asof_pitcher_prev5_game_success_rate,42805,42366,0.5260457639852711,0.07960859407957589,0.435714,0.481982,0.52381,0.5625,0.620455
2021,9,asof_pitcher_prev1_game_middle_rate,42805,42366,0.14803323489826747,0.09204638110243571,0.05,0.0909091,0.138889,0.195402,0.25
2021,9,asof_pitcher_prev3_game_middle_rate,42805,42366,0.14818497442288628,0.05100166712432231,0.0882353,0.114286,0.145161,0.178082,0.212435
2021,9,asof_pitcher_prev5_game_middle_rate,42805,42366,0.14862530753434358,0.041800270799461935,0.0984615,0.121495,0.147436,0.172043,0.201835
2021,9,asof_batter_success_rate,42805,42795,0.5411991403668652,0.04080056488520886,0.5062346000000001,0.523933,0.535113,0.5501935,0.571569
2021,9,asof_batter_middle_rate,42805,42795,0.14258488356583712,0.020684853110514368,0.126214,0.134811,0.141335,0.15,0.16045120000000002
2021,9,asof_pitcher_fastball_rate,42805,42791,0.5568006819658339,0.09820949189997663,0.444926,0.4854045,0.54902,0.6185075,0.694915
2021,9,asof_pitcher_breaking_rate,42805,42791,0.2806352991750602,0.10469806023931348,0.154943,0.204457,0.278567,0.35231650000000003,0.417589
2021,9,asof_pitcher_offspeed_rate,42805,42791,0.1625640164562642,0.11511034192658608,0.0307102,0.07898365,0.141779,0.234702,0.32648
2021,9,control_success,42805,42805,0.5307090293190048,0.4990618940194103,0.0,0.0,1.0,1.0,1.0
2021,10,asof_pitcher_success_rate,37646,37644,0.5279096004144087,0.046925697030761805,0.4723056,0.498837,0.5278134999999999,0.5560235,0.5830687
2021,10,asof_pitcher_reverse_rate,37646,37644,0.2327907184225906,0.04761499480041163,0.18126530000000002,0.20101075,0.2351515,0.26117125,0.2946418
2021,10,asof_pitcher_middle_rate,37646,37644,0.14307336966050369,0.021886702102202223,0.1217818,0.13102375,0.142506,0.153846,0.1660547
2021,10,asof_pitcher_ball_rate,37646,37644,0.37331842705344814,0.0340021996856687,0.3385573,0.347255,0.3694195,0.39154825,0.41676950000000007
2021,10,asof_pitcher_strike_rate,37646,37644,0.4433164298161726,0.03087345979614656,0.4115547,0.42613475,0.444536,0.45985075,0.48156010000000005
2021,10,asof_pitcher_prev1_game_success_rate,37646,37596,0.49897228291839557,0.12824122305311966,0.333333,0.426829,0.5,0.576087,0.647887
2021,10,asof_pitcher_prev3_game_success_rate,37646,37596,0.5062203844291946,0.07934252410961892,0.40625,0.464539,0.507463,0.55418,0.600791
2021,10,asof_pitcher_prev5_game_success_rate,37646,37596,0.5082027311682092,0.06669382741919892,0.426087,0.471154,0.509356,0.54491,0.584337
2021,10,asof_pitcher_prev1_game_middle_rate,37646,37596,0.14852788339982975,0.09582190698048144,0.0454545,0.0843373,0.133333,0.2,0.272727
2021,10,asof_pitcher_prev3_game_middle_rate,37646,37596,0.1486822533673795,0.056615594505356776,0.08,0.113924,0.145401,0.179775,0.217949
2021,10,asof_pitcher_prev5_game_middle_rate,37646,37596,0.14932331749920202,0.04704905319919361,0.0943396,0.118812,0.145414,0.176471,0.210526
2021,10,asof_batter_success_rate,37646,37641,0.5313135769240989,0.031551209316915525,0.503182,0.518496,0.531112,0.542169,0.555392
2021,10,asof_batter_middle_rate,37646,37641,0.1435551154379533,0.017329481493094774,0.130172,0.135951,0.142582,0.150189,0.158718
2021,10,asof_pitcher_fastball_rate,37646,37644,0.5508003486877059,0.0939353966778805,0.444721,0.48475875,0.5421125,0.60771325,0.6839218000000002
2021,10,asof_pitcher_breaking_rate,37646,37644,0.28298584306131125,0.10593253345319831,0.1577665,0.20013575,0.2795445,0.35784025,0.41056810000000005
2021,10,asof_pitcher_offspeed_rate,37646,37644,0.16621380901190097,0.11348943909835228,0.0347826,0.082032625,0.143945,0.2333865,0.32676120000000003
2021,10,control_success,37646,37646,0.49115443871858894,0.49992838982731036,0.0,0.0,0.0,1.0,1.0
2022,4,asof_pitcher_success_rate,41395,41371,0.5350413122235382,0.05985146549446227,0.475213,0.501406,0.530961,0.5654365,0.6
2022,4,asof_pitcher_reverse_rate,41395,41371,0.22312531627710233,0.05699778191317652,0.153514,0.194306,0.224091,0.255039,0.293773
2022,4,asof_pitcher_middle_rate,41395,41371,0.14445776273476588,0.031476273883955186,0.116405,0.132096,0.143731,0.1583815,0.173333
2022,4,asof_pitcher_ball_rate,41395,41371,0.37505219135142975,0.04168650108042632,0.334611,0.351351,0.37457,0.396865,0.425641
2022,4,asof_pitcher_strike_rate,41395,41371,0.4416186554833096,0.040557962065753045,0.400129,0.423813,0.440154,0.4609255,0.480576
2022,4,asof_pitcher_prev1_game_success_rate,41395,40393,0.5306215800782315,0.1550772314891094,0.363636,0.433333,0.524272,0.612903,0.75
2022,4,asof_pitcher_prev3_game_success_rate,41395,40393,0.5273133686777411,0.10301716264838652,0.413793,0.460714,0.518519,0.578947,0.661111
2022,4,asof_pitcher_prev5_game_success_rate,41395,40393,0.5273404060356992,0.08733021695018818,0.428571,0.471193,0.515695,0.57478,0.647399
2022,4,asof_pitcher_prev1_game_middle_rate,41395,40393,0.15089214701309633,0.09402231691993923,0.05,0.0860215,0.1375,0.2,0.266667
2022,4,asof_pitcher_prev3_game_middle_rate,41395,40393,0.15076611259376624,0.0577837676659384,0.08,0.111111,0.147059,0.185185,0.22293
2022,4,asof_pitcher_prev5_game_middle_rate,41395,40393,0.14907100865496498,0.04829200849766539,0.0918367,0.114094,0.15,0.177378,0.207547
2022,4,asof_batter_success_rate,41395,41368,0.5410698743714949,0.05850803390632545,0.500354,0.516783,0.529637,0.547965,0.6014532
2022,4,asof_batter_middle_rate,41395,41368,0.14343295661139044,0.028464396198447768,0.12175,0.13613175,0.143433,0.15147525,0.16103460000000003
2022,4,asof_pitcher_fastball_rate,41395,41371,0.5618887073070508,0.09798654782413323,0.446478,0.49741250000000004,0.557757,0.6217779999999999,0.685841
2022,4,asof_pitcher_breaking_rate,41395,41371,0.28156789965676443,0.10319665321750997,0.155068,0.204918,0.280734,0.357392,0.414634
2022,4,asof_pitcher_offspeed_rate,41395,41371,0.15654339207904086,0.10824161753595707,0.0328638,0.07555814999999999,0.140052,0.2280035,0.305333
2022,4,control_success,41395,41395,0.5335426983935257,0.4988796445301658,0.0,0.0,1.0,1.0,1.0
2022,5,asof_pitcher_success_rate,44865,44843,0.5380074214035635,0.06161876100600392,0.4742504,0.504138,0.533307,0.57119,0.5993622
2022,5,asof_pitcher_reverse_rate,44865,44843,0.219482162763419,0.06001860299687721,0.14749320000000002,0.188301,0.22139,0.252941,0.29550540000000003
2022,5,asof_pitcher_middle_rate,44865,44843,0.1426627141003055,0.028660635813994976,0.1134112,0.13087749999999998,0.144474,0.155554,0.1689854
2022,5,asof_pitcher_ball_rate,44865,44843,0.3750105267288094,0.04175064087243995,0.3325242,0.34982,0.371911,0.3956375,0.4224654000000001
2022,5,asof_pitcher_strike_rate,44865,44843,0.43987366726133403,0.037924164206566344,0.401481,0.4247495,0.440395,0.459459,0.479532
2022,5,asof_pitcher_prev1_game_success_rate,44865,44324,0.5399719343267756,0.14444322429263087,0.368421,0.444444,0.538462,0.634146,0.727273
2022,5,asof_pitcher_prev3_game_success_rate,44865,44324,0.5363454770327587,0.10468668182587706,0.414966,0.46875,0.526502,0.598131,0.679012
2022,5,asof_pitcher_prev5_game_success_rate,44865,44324,0.53322111273802,0.09089575956020857,0.430622,0.474227,0.523422,0.578641,0.652893
2022,5,asof_pitcher_prev1_game_middle_rate,44865,44324,0.14750015507400055,0.09290001685261029,0.037037,0.0833333,0.141509,0.2,0.266667
2022,5,asof_pitcher_prev3_game_middle_rate,44865,44324,0.1472831795708871,0.05999940044053372,0.0754717,0.109312,0.143357,0.183673,0.217573
2022,5,asof_pitcher_prev5_game_middle_rate,44865,44324,0.14801387154137713,0.049700714264572274,0.09,0.116625,0.148936,0.176849,0.203883
2022,5,asof_batter_success_rate,44865,44843,0.5445447022946726,0.056749719940197764,0.5019986000000001,0.519212,0.531073,0.5473520000000001,0.5985640000000001
2022,5,asof_batter_middle_rate,44865,44843,0.14196363674375043,0.024902471446617846,0.121604,0.13525500000000001,0.143191,0.1503855,0.15993079999999998
2022,5,asof_pitcher_fastball_rate,44865,44843,0.5623021306335437,0.09638036106680921,0.456552,0.4910585,0.552619,0.616498,0.6897944
2022,5,asof_pitcher_breaking_rate,44865,44843,0.28418969958521956,0.0990538366409424,0.16332039999999998,0.20939249999999998,0.288726,0.355233,0.4163634
2022,5,asof_pitcher_offspeed_rate,44865,44843,0.15350816686461657,0.1074256497536406,0.0277778,0.07272285,0.135281,0.2211665,0.306165
2022,5,control_success,44865,44865,0.55056279950964,0.49744237728287843,0.0,0.0,1.0,1.0,1.0
2022,6,asof_pitcher_success_rate,39951,39943,0.5358006771899958,0.05638513295387419,0.4674646,0.5014855,0.534247,0.565914,0.593952
2022,6,asof_pitcher_reverse_rate,39951,39943,0.22142668301329396,0.05786671322352682,0.15684420000000002,0.190978,0.222282,0.2540885,0.296155
2022,6,asof_pitcher_middle_rate,39951,39943,0.1442448448639311,0.0235968160790134,0.1176182,0.13392949999999998,0.145751,0.15643849999999998,0.1696508
2022,6,asof_pitcher_ball_rate,39951,39943,0.37405355799514306,0.03674631752131814,0.3344862,0.348942,0.371206,0.392857,0.41603920000000005
2022,6,asof_pitcher_strike_rate,39951,39943,0.44105393758606015,0.03232847748407696,0.407609,0.42628350000000004,0.440812,0.46030150000000003,0.4795106
2022,6,asof_pitcher_prev1_game_success_rate,39951,39679,0.5431841282088762,0.1450636278374084,0.373737,0.454545,0.536842,0.636364,0.722892
2022,6,asof_pitcher_prev3_game_success_rate,39951,39679,0.5434629779732353,0.09756770017651219,0.428571,0.48,0.542763,0.593443,0.661972
2022,6,asof_pitcher_prev5_game_success_rate,39951,39679,0.5420706181103354,0.08787693401999945,0.440281,0.488889,0.539683,0.588889,0.642424
2022,6,asof_pitcher_prev1_game_middle_rate,39951,39679,0.151835132634391,0.10177772569821958,0.0421053,0.0824742,0.136364,0.211009,0.274725
2022,6,asof_pitcher_prev3_game_middle_rate,39951,39679,0.14978920912825425,0.057693425178089765,0.0794702,0.111111,0.148026,0.185328,0.22028
2022,6,asof_pitcher_prev5_game_middle_rate,39951,39679,0.14951714864285895,0.04586496829816379,0.09375,0.121649,0.149378,0.176166,0.208
2022,6,asof_batter_success_rate,39951,39936,0.549127039413061,0.05642376884496052,0.5082835,0.522152,0.53484,0.55030825,0.6212765
2022,6,asof_batter_middle_rate,39951,39936,0.14216384341947114,0.022695028384653423,0.119603,0.1347395,0.142894,0.15007749999999997,0.1605125
2022,6,asof_pitcher_fastball_rate,39951,39943,0.5552718125829306,0.09427467593184903,0.4526074,0.4883275,0.544788,0.60989,0.6707896000000001
2022,6,asof_pitcher_breaking_rate,39951,39943,0.28487679816738853,0.10181679667527516,0.1607936,0.214843,0.291414,0.354912,0.41017840000000005
2022,6,asof_pitcher_offspeed_rate,39951,39943,0.1598513932764189,0.10874675191365571,0.03284306,0.07706384999999999,0.146919,0.2273865,0.3148094
2022,6,control_success,39951,39951,0.5368826812845736,0.49864405300040465,0.0,0.0,1.0,1.0,1.0
2022,7,asof_pitcher_success_rate,33468,33458,0.5358634425249567,0.059696268667575325,0.470588,0.49614225,0.5307230000000001,0.56676525,0.5971623
2022,7,asof_pitcher_reverse_rate,33468,33458,0.22294891481260087,0.060388165406891584,0.1548637,0.192744,0.22402149999999998,0.25783925,0.2991893
2022,7,asof_pitcher_middle_rate,33468,33458,0.14523889927072747,0.0261741557063945,0.1184698,0.133333,0.145868,0.157457,0.172153
2022,7,asof_pitcher_ball_rate,33468,33458,0.3718344502660052,0.03660967626510779,0.3320667,0.34778699999999996,0.3704555,0.391304,0.4120932
2022,7,asof_pitcher_strike_rate,33468,33458,0.4434272004303903,0.03443336141100968,0.4064847,0.426294,0.442739,0.46165575000000003,0.4809993
2022,7,asof_pitcher_prev1_game_success_rate,33468,33101,0.5181899338267726,0.14195608721771272,0.363636,0.428571,0.5,0.610526,0.691358
2022,7,asof_pitcher_prev3_game_success_rate,33468,33101,0.5232997454155462,0.10007344510754217,0.414365,0.456522,0.516129,0.577273,0.6639
2022,7,asof_pitcher_prev5_game_success_rate,33468,33101,0.5256376012809281,0.08817983225784708,0.427536,0.469163,0.517857,0.567982,0.632035
2022,7,asof_pitcher_prev1_game_middle_rate,33468,33101,0.14872066737862905,0.09342715590420836,0.047619,0.0897436,0.136364,0.2,0.263736
2022,7,asof_pitcher_prev3_game_middle_rate,33468,33101,0.1491054344521313,0.05695223974067512,0.0837209,0.110294,0.142857,0.18,0.226562
2022,7,asof_pitcher_prev5_game_middle_rate,33468,33101,0.14922790203317118,0.047390177176242,0.091954,0.115789,0.145594,0.180328,0.213333
2022,7,asof_batter_success_rate,33468,33462,0.5458140385213077,0.05357914444251769,0.5090802999999999,0.5203362500000001,0.532583,0.54731275,0.6109689
2022,7,asof_batter_middle_rate,33468,33462,0.1433673257515988,0.01847089387908761,0.1243213,0.13719,0.1443625,0.1518655,0.16
2022,7,asof_pitcher_fastball_rate,33468,33458,0.549501480692211,0.09539772319406105,0.4481412,0.48667525,0.5350615,0.6118315000000001,0.6628852999999999
2022,7,asof_pitcher_breaking_rate,33468,33458,0.29822363137964014,0.10375973498684066,0.1711529,0.22801749999999998,0.30396650000000003,0.36698074999999997,0.4269049
2022,7,asof_pitcher_offspeed_rate,33468,33458,0.15227488471845296,0.1084228448060971,0.0283019,0.071102075,0.13545200000000002,0.212904,0.31518619999999997
2022,7,control_success,33468,33468,0.5188538305246803,0.4996518713046613,0.0,0.0,1.0,1.0,1.0
2022,8,asof_pitcher_success_rate,36914,36904,0.5329267205993931,0.05276978522460512,0.4726732,0.49477975,0.5305195,0.5633349999999999,0.5848819
2022,8,asof_pitcher_reverse_rate,36914,36904,0.2261011377194884,0.05624596377050265,0.1595559,0.19998,0.228213,0.26068225,0.28862010000000005
2022,8,asof_pitcher_middle_rate,36914,36904,0.1449951945967917,0.022994071533205786,0.12104329999999999,0.13323074999999998,0.1439395,0.15548925,0.1704941
2022,8,asof_pitcher_ball_rate,36914,36904,0.36904629804357253,0.03589923662122709,0.333333,0.34719875,0.36912500000000004,0.388805,0.40790200000000004
2022,8,asof_pitcher_strike_rate,36914,36904,0.445136376300672,0.03480608934349333,0.407876,0.428482,0.444444,0.46401475000000003,0.4822188
2022,8,asof_pitcher_prev1_game_success_rate,36914,36513,0.5145487441185331,0.13461995627812115,0.37234,0.438095,0.515152,0.583333,0.684211
2022,8,asof_pitcher_prev3_game_success_rate,36914,36513,0.5135903471366362,0.08983814465505773,0.418605,0.460674,0.504918,0.561151,0.621622
2022,8,asof_pitcher_prev5_game_success_rate,36914,36513,0.5131410932544573,0.07538645197456877,0.430769,0.467742,0.506903,0.551935,0.596774
2022,8,asof_pitcher_prev1_game_middle_rate,36914,36513,0.15006969212883087,0.09130442029246845,0.0555556,0.0909091,0.136364,0.2,0.266667
2022,8,asof_pitcher_prev3_game_middle_rate,36914,36513,0.14785378572289323,0.05377227885692986,0.0892857,0.114286,0.141176,0.175676,0.217899
2022,8,asof_pitcher_prev5_game_middle_rate,36914,36513,0.14762479830471337,0.0437189198191336,0.0964912,0.117647,0.142268,0.17506,0.20436
2022,8,asof_batter_success_rate,36914,36910,0.5345318702790571,0.040772784802150124,0.5036339000000001,0.5169815,0.52822,0.53897875,0.5537743999999999
2022,8,asof_batter_middle_rate,36914,36910,0.1446299285207261,0.016855106810903624,0.131682,0.138293,0.144723,0.151388,0.160547
2022,8,asof_pitcher_fastball_rate,36914,36904,0.5454358783600693,0.09669631130320282,0.4421169,0.47759825,0.528163,0.608912,0.6747144000000002
2022,8,asof_pitcher_breaking_rate,36914,36904,0.29859950984717104,0.10291478262838856,0.1692598,0.230429,0.3032495,0.36906875,0.4291624
2022,8,asof_pitcher_offspeed_rate,36914,36904,0.1559646093331346,0.10749672091888662,0.02954953,0.0752688,0.140538,0.21467075,0.31542270000000006
2022,8,control_success,36914,36914,0.5183670152245761,0.4996693069365668,0.0,0.0,1.0,1.0,1.0
2022,9,asof_pitcher_success_rate,41603,41592,0.5342658700952106,0.058890688780273294,0.4709432,0.496547,0.5288435,0.563048,0.596154
2022,9,asof_pitcher_reverse_rate,41603,41592,0.22631504093094826,0.06268218619499627,0.15523340000000002,0.20136975,0.2300755,0.26421225000000004,0.2905494
2022,9,asof_pitcher_middle_rate,41603,41592,0.14219335867714944,0.024850487005091862,0.11733220000000001,0.13012025,0.1421575,0.155556,0.1704049
2022,9,asof_pitcher_ball_rate,41603,41592,0.37281070140892475,0.03746411865950334,0.3368282,0.34905600000000003,0.3685705,0.3911515,0.41484
2022,9,asof_pitcher_strike_rate,41603,41592,0.44235158508847855,0.03593691750126663,0.4013302,0.42721375,0.4434475,0.46304275,0.48338100000000006
2022,9,asof_pitcher_prev1_game_success_rate,41603,41281,0.514504274336862,0.13431750080097185,0.357143,0.428571,0.510417,0.6,0.674419
2022,9,asof_pitcher_prev3_game_success_rate,41603,41281,0.5156418358082411,0.09261224791314511,0.402477,0.454545,0.512821,0.56338,0.642857
2022,9,asof_pitcher_prev5_game_success_rate,41603,41281,0.5161945875099925,0.08139142207610213,0.42446,0.465517,0.51277,0.555556,0.627907
2022,9,asof_pitcher_prev1_game_middle_rate,41603,41281,0.14848841597102783,0.09059772483671141,0.05,0.0891089,0.138298,0.2,0.25
2022,9,asof_pitcher_prev3_game_middle_rate,41603,41281,0.14611795489208107,0.051747632953407716,0.0821918,0.1133,0.143498,0.174216,0.20904
2022,9,asof_pitcher_prev5_game_middle_rate,41603,41281,0.14482713827668903,0.04223890697911463,0.0907216,0.121037,0.143763,0.168831,0.195046
2022,9,asof_batter_success_rate,41603,41591,0.540557650741747,0.05535112720225791,0.500463,0.516287,0.527294,0.540335,0.600917
2022,9,asof_batter_middle_rate,41603,41591,0.14316326824553388,0.019191930585222526,0.123675,0.136971,0.144404,0.15039249999999998,0.159664
2022,9,asof_pitcher_fastball_rate,41603,41592,0.5548034665801117,0.09808437077714874,0.44837140000000003,0.48318174999999997,0.5458645,0.61080625,0.6840153
2022,9,asof_pitcher_breaking_rate,41603,41592,0.2922929786954222,0.10172940513895212,0.1616504,0.2260815,0.298295,0.3602655,0.4199287
2022,9,asof_pitcher_offspeed_rate,41603,41592,0.1529035564686959,0.10439161124500465,0.026959920000000002,0.0754717,0.1384325,0.2147485,0.30059420000000003
2022,9,control_success,41603,41603,0.516621397495373,0.49972965874657516,0.0,0.0,1.0,1.0,1.0
2022,10,asof_pitcher_success_rate,9276,9273,0.5359668922678745,0.06483153572995923,0.47163879999999997,0.492958,0.523286,0.565027,0.6042846
2022,10,asof_pitcher_reverse_rate,9276,9273,0.22896392197778495,0.06192236131687249,0.15449159999999998,0.201173,0.236269,0.265442,0.2988172
2022,10,asof_pitcher_middle_rate,9276,9273,0.1403738431791222,0.030666209746475635,0.1127124,0.128729,0.142641,0.156547,0.1692358
2022,10,asof_pitcher_ball_rate,9276,9273,0.37478526809015417,0.041062560028763205,0.3389002,0.350725,0.369697,0.396265,0.4276476
2022,10,asof_pitcher_strike_rate,9276,9273,0.44339017189690494,0.034852603889811866,0.40322919999999995,0.428778,0.444168,0.464343,0.4811034
2022,10,asof_pitcher_prev1_game_success_rate,9276,9240,0.5106617369805195,0.15540528906216636,0.333333,0.405063,0.5,0.608696,0.712121
2022,10,asof_pitcher_prev3_game_success_rate,9276,9240,0.5089081334415585,0.1092119550925977,0.389831,0.443299,0.497487,0.564103,0.681319
2022,10,asof_pitcher_prev5_game_success_rate,9276,9240,0.5102737783549783,0.09837766223638049,0.409412,0.44898,0.492424,0.553191,0.644231
2022,10,asof_pitcher_prev1_game_middle_rate,9276,9240,0.15430282994588743,0.09952628283242179,0.0294118,0.0888889,0.142857,0.222222,0.277778
2022,10,asof_pitcher_prev3_game_middle_rate,9276,9240,0.15612007132034633,0.056157262286834805,0.0895522,0.119048,0.150198,0.190476,0.232975
2022,10,asof_pitcher_prev5_game_middle_rate,9276,9240,0.15216699706709957,0.04729706498864854,0.0901099,0.123596,0.15212,0.180723,0.207317
2022,10,asof_batter_success_rate,9276,9274,0.538615673280138,0.05476881360688734,0.499437,0.5143225,0.5244409999999999,0.538278,0.6041352000000001
2022,10,asof_batter_middle_rate,9276,9274,0.14446394461936596,0.019399084266491503,0.130187,0.13805625,0.145141,0.15085874999999999,0.1605136
2022,10,asof_pitcher_fastball_rate,9276,9273,0.5574161419173945,0.099217809376865,0.4531594,0.48494,0.548511,0.609581,0.6898876
2022,10,asof_pitcher_breaking_rate,9276,9273,0.29615108346813324,0.10456064927978756,0.15899639999999998,0.226067,0.303604,0.359164,0.4168372
2022,10,asof_pitcher_offspeed_rate,9276,9273,0.14643276594327617,0.09784241249260904,0.03440908,0.0763267,0.133662,0.182735,0.2743900000000001
2022,10,control_success,9276,9276,0.5028029322984044,0.5000190965366961,0.0,0.0,1.0,1.0,1.0
2023,4,asof_pitcher_success_rate,41288,41259,0.525840218618968,0.06263577206984168,0.459302,0.4869595,0.522682,0.5603465,0.5964542
2023,4,asof_pitcher_reverse_rate,41288,41259,0.2328446144404857,0.06581348046640127,0.1573926,0.194595,0.233793,0.269231,0.3125
2023,4,asof_pitcher_middle_rate,41288,41259,0.1449878067088393,0.030231908863254567,0.118056,0.132075,0.14503,0.157514,0.1735992
2023,4,asof_pitcher_ball_rate,41288,41259,0.3721317108267287,0.04162239698315112,0.3353966,0.3490855,0.367347,0.3921945,0.4136474000000001
2023,4,asof_pitcher_strike_rate,41288,41259,0.444757188955137,0.04078375891378678,0.40636239999999996,0.4279575,0.445721,0.4650395,0.4849236
2023,4,asof_pitcher_prev1_game_success_rate,41288,39949,0.5046578651605799,0.14135876974530157,0.333333,0.416667,0.5,0.588889,0.666667
2023,4,asof_pitcher_prev3_game_success_rate,41288,39949,0.5119337594182584,0.0966069349307253,0.399061,0.448529,0.505455,0.568182,0.64
2023,4,asof_pitcher_prev5_game_success_rate,41288,39949,0.514497869358432,0.08644121615561137,0.408759,0.457557,0.511387,0.563218,0.626866
2023,4,asof_pitcher_prev1_game_middle_rate,41288,39949,0.15510445764599867,0.09496192137114709,0.0465116,0.0967742,0.14433,0.206897,0.271429
2023,4,asof_pitcher_prev3_game_middle_rate,41288,39949,0.15475790601266615,0.05513744904093563,0.0909091,0.118943,0.152174,0.1875,0.22449
2023,4,asof_pitcher_prev5_game_middle_rate,41288,39949,0.1542735631555233,0.04512320744233917,0.0992063,0.126482,0.151951,0.181818,0.211429
2023,4,asof_batter_success_rate,41288,41253,0.527055624924248,0.05348883960782581,0.48767560000000004,0.509816,0.523656,0.5373,0.5655334
2023,4,asof_batter_middle_rate,41288,41253,0.14290001540494024,0.02499197685815925,0.125,0.137324,0.144695,0.150424,0.15972840000000002
2023,4,asof_pitcher_fastball_rate,41288,41259,0.5484578428948835,0.09219217994880252,0.4487156,0.485086,0.541793,0.6049154999999999,0.657641
2023,4,asof_pitcher_breaking_rate,41288,41259,0.2960599957972806,0.10864770373700582,0.16463,0.218511,0.301703,0.371928,0.4298726000000005
2023,4,asof_pitcher_offspeed_rate,41288,41259,0.15548216172422985,0.10092646992335003,0.02869282,0.07985244999999999,0.13806,0.21411550000000001,0.3045096000000001
2023,4,control_success,41288,41288,0.4866547180778919,0.4998279247016405,0.0,0.0,0.0,1.0,1.0
2023,5,asof_pitcher_success_rate,39576,39563,0.5248684402623663,0.0582407992816428,0.4628716,0.488889,0.522404,0.5609785,0.5925608
2023,5,asof_pitcher_reverse_rate,39576,39563,0.23254443990091753,0.060569616605452146,0.16314120000000001,0.19527,0.235242,0.260382,0.2996910000000001
2023,5,asof_pitcher_middle_rate,39576,39563,0.14667737726916563,0.026155812738129957,0.1190954,0.1336005,0.145744,0.1591595,0.1755132
2023,5,asof_pitcher_ball_rate,39576,39563,0.37233704112428284,0.037853566482932414,0.3377072,0.3487365,0.36776,0.39095650000000004,0.415418
2023,5,asof_pitcher_strike_rate,39576,39563,0.4429476039734095,0.035788325850712566,0.407122,0.4272095,0.443337,0.4636345,0.4849826
2023,5,asof_pitcher_prev1_game_success_rate,39576,39009,0.5011881453151837,0.1365073194873529,0.333333,0.416667,0.5,0.584158,0.666667
2023,5,asof_pitcher_prev3_game_success_rate,39576,39009,0.505834805839678,0.08530649329614944,0.4,0.448052,0.504886,0.561798,0.611111
2023,5,asof_pitcher_prev5_game_success_rate,39576,39009,0.5050598652874977,0.07427918088964854,0.417559,0.460285,0.5,0.551724,0.59596
2023,5,asof_pitcher_prev1_game_middle_rate,39576,39009,0.15551297374452047,0.09482748999042162,0.0555556,0.0952381,0.147368,0.203883,0.262626
2023,5,asof_pitcher_prev3_game_middle_rate,39576,39009,0.15478662045681765,0.05484495213815647,0.09,0.117647,0.150579,0.1875,0.228
2023,5,asof_pitcher_prev5_game_middle_rate,39576,39009,0.15627646351867516,0.046332593295488236,0.1,0.126316,0.150685,0.185096,0.216216
2023,5,asof_batter_success_rate,39576,39558,0.5266383977703626,0.04868746639797676,0.4869781,0.5111522500000001,0.5231304999999999,0.53675475,0.5728953
2023,5,asof_batter_middle_rate,39576,39558,0.14444416095859247,0.02148094052867721,0.126921,0.13873925,0.14600249999999998,0.15135175,0.16044
2023,5,asof_pitcher_fastball_rate,39576,39563,0.5487719851881809,0.09128966433716419,0.4519554,0.483219,0.53937,0.6038334999999999,0.6632316
2023,5,asof_pitcher_breaking_rate,39576,39563,0.2914701107499431,0.1062544276288899,0.16174400000000003,0.2191345,0.292933,0.367317,0.42237800000000003
2023,5,asof_pitcher_offspeed_rate,39576,39563,0.15975789962439654,0.1062210411561972,0.026937560000000003,0.0810811,0.142357,0.2167035,0.31352440000000004
2023,5,control_success,39576,39576,0.49676571659591673,0.4999958562487618,0.0,0.0,0.0,1.0,1.0
2023,6,asof_pitcher_success_rate,42446,42438,0.5231308367500825,0.04984796673464495,0.463158,0.48876325,0.5206195,0.55571525,0.587549
2023,6,asof_pitcher_reverse_rate,42446,42438,0.23247676262547715,0.050906313583222305,0.168571,0.19544525000000001,0.23628,0.2650095,0.2907944000000001
2023,6,asof_pitcher_middle_rate,42446,42438,0.14774350542909656,0.024228950600278486,0.1227164,0.134973,0.146575,0.1603835,0.17501
2023,6,asof_pitcher_ball_rate,42446,42438,0.3735571614355059,0.0373395372351039,0.3385457,0.349988,0.371047,0.39347475,0.41385890000000003
2023,6,asof_pitcher_strike_rate,42446,42438,0.4422178371742306,0.03319833208901666,0.4066748,0.42401275,0.4440765,0.46376775000000003,0.48403
2023,6,asof_pitcher_prev1_game_success_rate,42446,42209,0.5027966834040133,0.13133801017843233,0.348315,0.428571,0.5,0.578947,0.659794
2023,6,asof_pitcher_prev3_game_success_rate,42446,42209,0.5053245249591319,0.08686211593748962,0.4,0.445614,0.5,0.558952,0.620438
2023,6,asof_pitcher_prev5_game_success_rate,42446,42209,0.507887493662489,0.07523700976756961,0.412442,0.454545,0.505376,0.558824,0.603053
2023,6,asof_pitcher_prev1_game_middle_rate,42446,42209,0.16003668210097372,0.09186961879061281,0.0526316,0.0961538,0.152174,0.211864,0.28
2023,6,asof_pitcher_prev3_game_middle_rate,42446,42209,0.16004412650856453,0.05736870753369845,0.0961538,0.122449,0.155303,0.19244,0.230769
2023,6,asof_pitcher_prev5_game_middle_rate,42446,42209,0.15932178681323886,0.0472635991158358,0.104082,0.127273,0.15534,0.186275,0.214781
2023,6,asof_batter_success_rate,42446,42438,0.5260618611857297,0.04161842435882008,0.4898784,0.5098,0.5220125,0.53509025,0.5642960000000001
2023,6,asof_batter_middle_rate,42446,42438,0.14731783710353927,0.020800109975632135,0.1302528,0.140687,0.147357,0.153169,0.16408390000000003
2023,6,asof_pitcher_fastball_rate,42446,42438,0.5438031338423112,0.08931074769466148,0.45148869999999997,0.4796635,0.5334215,0.599749,0.657371
2023,6,asof_pitcher_breaking_rate,42446,42438,0.29850041936236393,0.10343207778981164,0.1682904,0.22396749999999999,0.3013485,0.37583575,0.42639610000000033
2023,6,asof_pitcher_offspeed_rate,42446,42438,0.15769644696008295,0.10594755108372404,0.02970769,0.0833333,0.14314549999999998,0.21450925,0.31480330000000006
2023,6,control_success,42446,42446,0.5028271215191066,0.4999978971664512,0.0,0.0,1.0,1.0,1.0
2023,7,asof_pitcher_success_rate,28611,28605,0.5231480359377731,0.04987717919940083,0.46907740000000003,0.488556,0.522498,0.553382,0.5836236
2023,7,asof_pitcher_reverse_rate,28611,28605,0.23256102926061875,0.05118595682531944,0.1732514,0.196711,0.230813,0.266043,0.29588519999999996
2023,7,asof_pitcher_middle_rate,28611,28605,0.14859483444502708,0.022028342177832238,0.123214,0.135838,0.147009,0.162194,0.175258
2023,7,asof_pitcher_ball_rate,28611,28605,0.3695372028701276,0.037471158940566365,0.33569740000000003,0.346371,0.365862,0.389062,0.41251380000000004
2023,7,asof_pitcher_strike_rate,28611,28605,0.4470493272155218,0.03329682300099666,0.4094092,0.428707,0.448013,0.465935,0.4838322
2023,7,asof_pitcher_prev1_game_success_rate,28611,28363,0.507332216151324,0.12936666248781453,0.352941,0.433735,0.506173,0.578947,0.663158
2023,7,asof_pitcher_prev3_game_success_rate,28611,28363,0.5123948523428411,0.07950852961267477,0.412935,0.462963,0.512195,0.561181,0.616279
2023,7,asof_pitcher_prev5_game_success_rate,28611,28363,0.5127275800514756,0.06824852423851917,0.431319,0.469136,0.510393,0.552941,0.605911
2023,7,asof_pitcher_prev1_game_middle_rate,28611,28363,0.15738856294820716,0.09617080549856447,0.0588235,0.0952381,0.142857,0.2,0.274194
2023,7,asof_pitcher_prev3_game_middle_rate,28611,28363,0.15249158192715861,0.05616748571581658,0.0822785,0.114286,0.148936,0.185185,0.222222
2023,7,asof_pitcher_prev5_game_middle_rate,28611,28363,0.15265497192821637,0.04493777288923441,0.0990099,0.121588,0.151515,0.182008,0.204819
2023,7,asof_batter_success_rate,28611,28608,0.5261965605075504,0.03494091298747256,0.497565,0.51057125,0.521739,0.5336194999999999,0.5691676
2023,7,asof_batter_middle_rate,28611,28608,0.14665331874300896,0.017969613735022365,0.13062189999999999,0.14026650000000002,0.146853,0.152973,0.163043
2023,7,asof_pitcher_fastball_rate,28611,28605,0.5443181191749694,0.08931179881956708,0.4511394,0.484314,0.539661,0.6,0.6497216
2023,7,asof_pitcher_breaking_rate,28611,28605,0.29552123018703025,0.10457628751312577,0.1652144,0.217609,0.3023,0.376623,0.42760840000000006
2023,7,asof_pitcher_offspeed_rate,28611,28605,0.16016065224299944,0.10552766693498272,0.03496018,0.0863177,0.143146,0.217017,0.31654760000000015
2023,7,control_success,28611,28611,0.5042116668414246,0.499990999364833,0.0,0.0,1.0,1.0,1.0
2023,8,asof_pitcher_success_rate,38825,38818,0.5240972607810809,0.04897538544982377,0.4741244,0.491667,0.5249630000000001,0.5533699999999999,0.5838593000000001
2023,8,asof_pitcher_reverse_rate,38825,38818,0.2328525452522026,0.050651096092035004,0.1738953,0.19847,0.2335605,0.26291975,0.2907046000000001
2023,8,asof_pitcher_middle_rate,38825,38818,0.14826485824617447,0.022171936193522385,0.1216214,0.137143,0.147239,0.16064275,0.1745876
2023,8,asof_pitcher_ball_rate,38825,38818,0.3682852417950435,0.03574094242073659,0.3328537,0.34589424999999996,0.364079,0.3888685,0.4095339
2023,8,asof_pitcher_strike_rate,38825,38818,0.4475129402081509,0.030768303867725222,0.4139295,0.4280525,0.44875149999999997,0.46595475,0.483259
2023,8,asof_pitcher_prev1_game_success_rate,38825,38494,0.5074347159427443,0.13286770741396817,0.341772,0.428571,0.506667,0.595506,0.661765
2023,8,asof_pitcher_prev3_game_success_rate,38825,38494,0.5085687349457059,0.08670111668785091,0.402878,0.457627,0.508772,0.568493,0.616071
2023,8,asof_pitcher_prev5_game_success_rate,38825,38494,0.5101297490258222,0.07615178458037533,0.413793,0.462777,0.509761,0.56,0.607375
2023,8,asof_pitcher_prev1_game_middle_rate,38825,38494,0.14684205773367276,0.0910825616738739,0.047619,0.0853659,0.132653,0.2,0.268817
2023,8,asof_pitcher_prev3_game_middle_rate,38825,38494,0.14589708310645813,0.054210101123044696,0.0836364,0.108014,0.14094,0.181818,0.219512
2023,8,asof_pitcher_prev5_game_middle_rate,38825,38494,0.14829212665870006,0.044415091519940116,0.0953545,0.114754,0.145022,0.178571,0.206208
2023,8,asof_batter_success_rate,38825,38821,0.5261789341335875,0.03705299988581896,0.497659,0.510121,0.521101,0.532529,0.571429
2023,8,asof_batter_middle_rate,38825,38821,0.1465602867983823,0.01762168325491445,0.127264,0.141098,0.147675,0.152495,0.161387
2023,8,asof_pitcher_fastball_rate,38825,38818,0.5445843515121851,0.08801477337824005,0.451051,0.48504125000000003,0.5326985,0.5999439999999999,0.6631027
2023,8,asof_pitcher_breaking_rate,38825,38818,0.2965310573368025,0.10231713477023949,0.1668305,0.21635749999999998,0.303649,0.37171425,0.428571
2023,8,asof_pitcher_offspeed_rate,38825,38818,0.15888458997457364,0.1036508703409254,0.03840596,0.08243974999999999,0.143745,0.212991,0.3053275000000001
2023,8,control_success,38825,38825,0.5046490663232454,0.4999848247112069,0.0,0.0,1.0,1.0,1.0
2023,9,asof_pitcher_success_rate,37141,37141,0.5218281602272422,0.04682564688437191,0.473078,0.490682,0.521694,0.550901,0.582904
2023,9,asof_pitcher_reverse_rate,37141,37141,0.23387091176866534,0.04814728409447827,0.168097,0.2,0.234241,0.263296,0.292228
2023,9,asof_pitcher_middle_rate,37141,37141,0.14843399829837647,0.020133452799856347,0.122031,0.136364,0.148569,0.160247,0.174162
2023,9,asof_pitcher_ball_rate,37141,37141,0.3715069680137853,0.03421606903660024,0.335772,0.349495,0.367647,0.389795,0.413848
2023,9,asof_pitcher_strike_rate,37141,37141,0.4423619591018012,0.029315781162492924,0.408419,0.423385,0.443617,0.463551,0.477041
2023,9,asof_pitcher_prev1_game_success_rate,37141,37141,0.5008675592068065,0.1297879810948175,0.333333,0.425743,0.5,0.583333,0.645161
2023,9,asof_pitcher_prev3_game_success_rate,37141,37141,0.5015808364879784,0.0828848181192576,0.39011,0.45098,0.504983,0.553191,0.6
2023,9,asof_pitcher_prev5_game_success_rate,37141,37141,0.5043825790904931,0.07282573193707739,0.405345,0.459103,0.506073,0.553459,0.590535
2023,9,asof_pitcher_prev1_game_middle_rate,37141,37141,0.1495963419994077,0.09098478318382662,0.05,0.09,0.142857,0.20202,0.266667
2023,9,asof_pitcher_prev3_game_middle_rate,37141,37141,0.15033485987722464,0.05428053811327253,0.0862069,0.108247,0.148438,0.186364,0.222222
2023,9,asof_pitcher_prev5_game_middle_rate,37141,37141,0.1484029581298296,0.04423372854361827,0.0949868,0.112832,0.146341,0.17773,0.205479
2023,9,asof_batter_success_rate,37141,37138,0.5237283879314987,0.033137045371044574,0.4967951,0.50968725,0.521433,0.531763,0.5540112
2023,9,asof_batter_middle_rate,37141,37138,0.1460548249501858,0.015137317073488775,0.1310319,0.14055050000000002,0.14742149999999998,0.152795,0.1613513
2023,9,asof_pitcher_fastball_rate,37141,37141,0.5447050454215019,0.08851834830722627,0.447644,0.481707,0.538721,0.598781,0.667626
2023,9,asof_pitcher_breaking_rate,37141,37141,0.2957740269432703,0.10181654809797351,0.165657,0.220617,0.300772,0.367742,0.422519
2023,9,asof_pitcher_offspeed_rate,37141,37141,0.15952092665060177,0.10491503859516124,0.0386792,0.0909091,0.140549,0.218213,0.302846
2023,9,control_success,37141,37141,0.5019250962548127,0.5000030251824955,0.0,0.0,1.0,1.0,1.0
2023,10,asof_pitcher_success_rate,17638,17638,0.5218284669463659,0.044537490029507645,0.466738,0.490991,0.5219075,0.552565,0.5735169
2023,10,asof_pitcher_reverse_rate,17638,17638,0.23516210057829687,0.04805808444728988,0.17806840000000002,0.20052,0.234943,0.2619955,0.29802080000000003
2023,10,asof_pitcher_middle_rate,17638,17638,0.14928685665041388,0.01914455658418993,0.1232227,0.13867975,0.14888,0.1614395,0.173418
2023,10,asof_pitcher_ball_rate,17638,17638,0.36978356724118383,0.030968652812878503,0.3348007,0.346101,0.36493,0.38970899999999997,0.4092966
2023,10,asof_pitcher_strike_rate,17638,17638,0.4425692794534528,0.029030999069973914,0.4071079,0.42678225000000003,0.44447749999999997,0.46259225,0.4759252
2023,10,asof_pitcher_prev1_game_success_rate,17638,17638,0.5113055803946025,0.12278786572709648,0.363636,0.436893,0.517241,0.596491,0.652174
2023,10,asof_pitcher_prev3_game_success_rate,17638,17638,0.5065805833994783,0.08169546514270244,0.404959,0.458937,0.503968,0.5622860000000001,0.608696
2023,10,asof_pitcher_prev5_game_success_rate,17638,17638,0.5063362318857013,0.06838622145021281,0.41573,0.459459,0.504566,0.553241,0.593478
2023,10,asof_pitcher_prev1_game_middle_rate,17638,17638,0.15985498736251277,0.09124855230939571,0.0666667,0.100917,0.144444,0.210526,0.269231
2023,10,asof_pitcher_prev3_game_middle_rate,17638,17638,0.15389059219866197,0.05415710479491389,0.0943396,0.120996,0.148649,0.181507,0.21978
2023,10,asof_pitcher_prev5_game_middle_rate,17638,17638,0.1533172123766867,0.04451653355374824,0.100939,0.122616,0.152968,0.18239,0.213333
2023,10,asof_batter_success_rate,17638,17638,0.5209587309218732,0.02364988821304165,0.4964194,0.51017325,0.5199505,0.5299325,0.5414536
2023,10,asof_batter_middle_rate,17638,17638,0.14823266817099445,0.012607510809679744,0.1349786,0.1436115,0.148365,0.1537735,0.163043
2023,10,asof_pitcher_fastball_rate,17638,17638,0.5384039970518198,0.0855626865239595,0.4429597,0.48501025,0.5328545,0.580703,0.6445941000000001
2023,10,asof_pitcher_breaking_rate,17638,17638,0.2947970212722531,0.1032201985385332,0.17270459999999999,0.221137,0.2884325,0.369858,0.4188774
2023,10,asof_pitcher_offspeed_rate,17638,17638,0.16679898538105228,0.09974054666474094,0.05017411,0.100152,0.148365,0.2210085,0.30322340000000003
2023,10,control_success,17638,17638,0.5099784556072117,0.49991459222998585,0.0,0.0,1.0,1.0,1.0
2024,3,asof_pitcher_success_rate,12361,12340,0.5195852113776337,0.07388983411452997,0.4451542,0.48986475,0.518909,0.55239925,0.5952065
2024,3,asof_pitcher_reverse_rate,12361,12340,0.2314518450243112,0.06990504545302204,0.152174,0.19890575,0.2343475,0.26335325,0.29928790000000005
2024,3,asof_pitcher_middle_rate,12361,12340,0.15367761405186386,0.04718797643501411,0.1191756,0.13384025,0.14912150000000002,0.1654925,0.1912319
2024,3,asof_pitcher_ball_rate,12361,12340,0.3694183804700162,0.05284610116802727,0.32980919999999997,0.342105,0.3649255,0.39012,0.4123557
2024,3,asof_pitcher_strike_rate,12361,12340,0.4464008449756888,0.050416047070627905,0.409637,0.42642375,0.445306,0.46449725,0.4910158
2024,3,asof_pitcher_prev1_game_success_rate,12361,11075,0.5156791105191874,0.13426107266945336,0.357143,0.421053,0.511628,0.6055170000000001,0.692308
2024,3,asof_pitcher_prev3_game_success_rate,12361,11075,0.507613643972912,0.08491862690008971,0.4,0.458333,0.50303,0.564444,0.617647
2024,3,asof_pitcher_prev5_game_success_rate,12361,11075,0.5078216783747178,0.07484104488822188,0.405405,0.463977,0.507431,0.55102,0.609375
2024,3,asof_pitcher_prev1_game_middle_rate,12361,11075,0.16029318108352142,0.10052766970485277,0.047619,0.0983607,0.148148,0.222222,0.28
2024,3,asof_pitcher_prev3_game_middle_rate,12361,11075,0.16521627199999997,0.06239579077788958,0.0881226,0.115672,0.165517,0.206897,0.245614
2024,3,asof_pitcher_prev5_game_middle_rate,12361,11075,0.16200082946275393,0.05418496257647403,0.0936768,0.125,0.159236,0.194444,0.23871
2024,3,asof_batter_success_rate,12361,12343,0.5234283570444788,0.04187668369816829,0.4964804,0.510453,0.520772,0.531075,0.5463861999999999
2024,3,asof_batter_middle_rate,12361,12343,0.14658556629668637,0.025309710312401753,0.13148279999999998,0.13958399999999999,0.14756,0.1535015,0.162757
2024,3,asof_pitcher_fastball_rate,12361,12340,0.5579441082658022,0.11183016033787803,0.44169010000000003,0.479995,0.547688,0.621696,0.705882
2024,3,asof_pitcher_breaking_rate,12361,12340,0.27877494405186387,0.11270345462673455,0.12963,0.20421525000000001,0.279333,0.36036,0.42854729999999996
2024,3,asof_pitcher_offspeed_rate,12361,12340,0.1632809503006483,0.11174886395819562,0.039874469999999995,0.08717705,0.1397545,0.22035149999999998,0.3258742
2024,3,control_success,12361,12361,0.5026292371167381,0.500013312912872,0.0,0.0,1.0,1.0,1.0
2024,4,asof_pitcher_success_rate,42588,42571,0.5159877088698879,0.056924603455916316,0.456996,0.4873425,0.514827,0.5447815,0.581371
2024,4,asof_pitcher_reverse_rate,42588,42571,0.23502899728923446,0.056063757517287226,0.164686,0.201382,0.235318,0.2632715,0.295455
2024,4,asof_pitcher_middle_rate,42588,42571,0.15105746763524466,0.030243447968695696,0.120558,0.133401,0.148376,0.16629149999999998,0.185751
2024,4,asof_pitcher_ball_rate,42588,42571,0.37500438458105284,0.04472469814003088,0.332945,0.345811,0.375024,0.3961565,0.421907
2024,4,asof_pitcher_strike_rate,42588,42571,0.44132331058701935,0.039782917377396886,0.404472,0.41987050000000004,0.439252,0.463506,0.486413
2024,4,asof_pitcher_prev1_game_success_rate,42588,41977,0.49526713513352555,0.12783034140654903,0.333333,0.42029,0.5,0.573034,0.636364
2024,4,asof_pitcher_prev3_game_success_rate,42588,41977,0.49743964642542354,0.08221608318729808,0.392857,0.448148,0.5,0.547619,0.597938
2024,4,asof_pitcher_prev5_game_success_rate,42588,41977,0.500419997284227,0.07240036765292379,0.410448,0.456,0.501188,0.543554,0.592075
2024,4,asof_pitcher_prev1_game_middle_rate,42588,41977,0.1666602449222193,0.09194512712290037,0.0625,0.103093,0.157895,0.222222,0.28
2024,4,asof_pitcher_prev3_game_middle_rate,42588,41977,0.16316411305238585,0.05715517032284377,0.0892857,0.123288,0.163265,0.199219,0.236686
2024,4,asof_pitcher_prev5_game_middle_rate,42588,41977,0.16069516922838697,0.049823059900803886,0.0961538,0.125,0.160714,0.192661,0.225118
2024,4,asof_batter_success_rate,42588,42563,0.5202633295843808,0.04229320486911385,0.493884,0.508216,0.519565,0.5305325,0.5501444
2024,4,asof_batter_middle_rate,42588,42563,0.14857065735497968,0.026582062083014536,0.128211,0.1400765,0.14867,0.154349,0.165894
2024,4,asof_pitcher_fastball_rate,42588,42571,0.5573716088182097,0.09852144477031521,0.44183,0.4871025,0.554922,0.6160685,0.682796
2024,4,asof_pitcher_breaking_rate,42588,42571,0.29034098473608794,0.1083178052810127,0.159236,0.21750049999999999,0.288889,0.366804,0.433913
2024,4,asof_pitcher_offspeed_rate,42588,42571,0.15228740804890656,0.10476433544310985,0.030303,0.0755814,0.140898,0.19824550000000002,0.306329
2024,4,control_success,42588,42588,0.49213393444162673,0.4999439907587066,0.0,0.0,0.0,1.0,1.0
2024,5,asof_pitcher_success_rate,44078,44067,0.5159143931513378,0.05207854488284501,0.45519119999999996,0.484375,0.515586,0.542764,0.5787264
2024,5,asof_pitcher_reverse_rate,44078,44067,0.2354989661492727,0.05116834311783364,0.1696056,0.20819349999999998,0.234342,0.26212650000000004,0.30020360000000007
2024,5,asof_pitcher_middle_rate,44078,44067,0.1515702195384301,0.028477121958514463,0.1237188,0.137192,0.14936,0.167463,0.1856974
2024,5,asof_pitcher_ball_rate,44078,44067,0.3763266083917671,0.03995303548369158,0.3345434,0.351583,0.374171,0.397915,0.41914520000000005
2024,5,asof_pitcher_strike_rate,44078,44067,0.44025608768466196,0.03741613440376892,0.4052308,0.41995899999999997,0.438009,0.46148449999999996,0.484009
2024,5,asof_pitcher_prev1_game_success_rate,44078,43681,0.4890979417183673,0.1293570411654238,0.333333,0.411765,0.494624,0.572917,0.634146
2024,5,asof_pitcher_prev3_game_success_rate,44078,43681,0.49080051127492513,0.08214289070016123,0.387879,0.439216,0.490909,0.542169,0.596552
2024,5,asof_pitcher_prev5_game_success_rate,44078,43681,0.49252233936951995,0.07066598762571205,0.405498,0.445652,0.490909,0.535088,0.589977
2024,5,asof_pitcher_prev1_game_middle_rate,44078,43681,0.16931302335111376,0.09839545177859613,0.0576923,0.103448,0.157895,0.226804,0.287234
2024,5,asof_pitcher_prev3_game_middle_rate,44078,43681,0.1677056847141778,0.06107108346920424,0.0869565,0.12766,0.164384,0.205298,0.240283
2024,5,asof_pitcher_prev5_game_middle_rate,44078,43681,0.1671691494814679,0.05137419697669359,0.093617,0.137931,0.169643,0.2,0.230769
2024,5,asof_batter_success_rate,44078,44062,0.5179061142934954,0.0378176546662098,0.4906841,0.506034,0.5174595,0.52833475,0.5485689
2024,5,asof_batter_middle_rate,44078,44062,0.14951552526440018,0.022157820895096658,0.1275822,0.141612,0.149691,0.15711075,0.169512
2024,5,asof_pitcher_fastball_rate,44078,44067,0.5540263825311458,0.09149958980375315,0.4452432,0.49237200000000003,0.553287,0.6096794999999999,0.6715216
2024,5,asof_pitcher_breaking_rate,44078,44067,0.29234833941725097,0.10190157240088296,0.1619852,0.2193545,0.293547,0.363313,0.421053
2024,5,asof_pitcher_offspeed_rate,44078,44067,0.1536252782415413,0.10012179189172961,0.033154960000000004,0.08882245,0.137525,0.20137149999999998,0.2798462
2024,5,control_success,44078,44078,0.4878851127546622,0.49985887815416186,0.0,0.0,0.0,1.0,1.0
2024,6,asof_pitcher_success_rate,44514,44503,0.5092524310091454,0.05578200678473714,0.4448294,0.4799645,0.508711,0.5417455,0.5787478
2024,6,asof_pitcher_reverse_rate,44514,44503,0.23956649894838553,0.053863141392145625,0.1745386,0.210703,0.237473,0.264249,0.304348
2024,6,asof_pitcher_middle_rate,44514,44503,0.1555276853605375,0.03024691099949499,0.1234,0.138383,0.153846,0.172398,0.1895146
2024,6,asof_pitcher_ball_rate,44514,44503,0.3748548102622295,0.0403566662368173,0.333619,0.35014449999999997,0.375858,0.396185,0.4151786
2024,6,asof_pitcher_strike_rate,44514,44503,0.4425631650225827,0.03668877821875671,0.40590899999999996,0.4240885,0.439521,0.462946,0.487543
2024,6,asof_pitcher_prev1_game_success_rate,44514,43899,0.4865645502357685,0.13146542703699635,0.318182,0.4,0.5,0.571429,0.647059
2024,6,asof_pitcher_prev3_game_success_rate,44514,43899,0.4876584496457778,0.08501884217188761,0.377551,0.435714,0.488889,0.54386,0.590909
2024,6,asof_pitcher_prev5_game_success_rate,44514,43899,0.48978800066060735,0.07189622381302178,0.4,0.444444,0.494845,0.536,0.578947
2024,6,asof_pitcher_prev1_game_middle_rate,44514,43899,0.17366139800223238,0.0994377925190129,0.0510204,0.109091,0.166667,0.235294,0.293578
2024,6,asof_pitcher_prev3_game_middle_rate,44514,43899,0.17216716457094694,0.0591735176485899,0.0952381,0.134276,0.172535,0.209738,0.245487
2024,6,asof_pitcher_prev5_game_middle_rate,44514,43899,0.17016718175129275,0.04937397919214562,0.102273,0.140351,0.171233,0.202358,0.228571
2024,6,asof_batter_success_rate,44514,44502,0.5189732661453418,0.038744157659080215,0.4897623,0.50493725,0.5162344999999999,0.5267055,0.5528584000000001
2024,6,asof_batter_middle_rate,44514,44502,0.1503314765875691,0.02136708779701731,0.12717320000000001,0.142566,0.1517445,0.159348,0.1701911
2024,6,asof_pitcher_fastball_rate,44514,44503,0.553693855313125,0.0914948366875365,0.4411924,0.49304950000000003,0.552941,0.603497,0.6704862
2024,6,asof_pitcher_breaking_rate,44514,44503,0.29900414132530395,0.10509929210737275,0.15878920000000002,0.221734,0.302262,0.3751795,0.43215460000000006
2024,6,asof_pitcher_offspeed_rate,44514,44503,0.14730200410803765,0.09963721799910066,0.03533956,0.08098820000000001,0.130094,0.18596600000000002,0.2789878
2024,6,control_success,44514,44514,0.48757694208563596,0.49985125837765637,0.0,0.0,0.0,1.0,1.0
2024,7,asof_pitcher_success_rate,33070,33066,0.5089634505231961,0.04823092510122079,0.4531465,0.478272,0.5077240000000001,0.538301,0.574693
2024,7,asof_pitcher_reverse_rate,33070,33066,0.23883323299159254,0.0448481464319755,0.181739,0.21254250000000002,0.236118,0.261614,0.301865
2024,7,asof_pitcher_middle_rate,33070,33066,0.15896300927236437,0.02945062657287308,0.12787,0.14205774999999998,0.15615449999999997,0.176375,0.19132549999999998
2024,7,asof_pitcher_ball_rate,33070,33066,0.36747198206617065,0.03641353757769318,0.3252345,0.33977650000000004,0.364681,0.38952225,0.410296
2024,7,asof_pitcher_strike_rate,33070,33066,0.44950581939151996,0.034900525709603517,0.408937,0.42884925,0.4489,0.47170075,0.4936065
2024,7,asof_pitcher_prev1_game_success_rate,33070,32917,0.48666022544581833,0.12988776306464628,0.333333,0.416667,0.494845,0.571429,0.626866
2024,7,asof_pitcher_prev3_game_success_rate,33070,32917,0.48773001816690464,0.08119147206770883,0.387097,0.440678,0.487973,0.541176,0.596491
2024,7,asof_pitcher_prev5_game_success_rate,33070,32917,0.48823613856062215,0.06774297664655717,0.399168,0.447761,0.490644,0.530864,0.583505
2024,7,asof_pitcher_prev1_game_middle_rate,33070,32917,0.1809222940091746,0.10103508129432176,0.0606061,0.117647,0.180723,0.230769,0.294118
2024,7,asof_pitcher_prev3_game_middle_rate,33070,32917,0.17756926829905523,0.05672813392788093,0.104167,0.144444,0.179104,0.212766,0.242553
2024,7,asof_pitcher_prev5_game_middle_rate,33070,32917,0.17644993467205397,0.04762073009007456,0.114458,0.151261,0.179348,0.205882,0.229039
2024,7,asof_batter_success_rate,33070,33065,0.5145176661726902,0.031204449405907504,0.48800679999999996,0.503768,0.515135,0.524791,0.537844
2024,7,asof_batter_middle_rate,33070,33065,0.15448741127476184,0.020357039351060254,0.13688240000000002,0.146551,0.154229,0.162319,0.17306200000000005
2024,7,asof_pitcher_fastball_rate,33070,33066,0.5438515538619729,0.08928068271905552,0.42657,0.48066825,0.5440165,0.600112,0.6621545
2024,7,asof_pitcher_breaking_rate,33070,33066,0.3009052570646586,0.10608445164038469,0.16734949999999998,0.2211865,0.30850299999999997,0.37365325,0.439525
2024,7,asof_pitcher_offspeed_rate,33070,33066,0.15524318627804998,0.09914955708027869,0.0439082,0.083673525,0.14314,0.200113,0.279197
2024,7,control_success,33070,33070,0.47989114000604777,0.49960302388215705,0.0,0.0,0.0,1.0,1.0
2024,8,asof_pitcher_success_rate,41920,41909,0.5091549620129329,0.051974793803354805,0.44624919999999996,0.480894,0.507738,0.542725,0.5772522
2024,8,asof_pitcher_reverse_rate,41920,41909,0.23790015871053952,0.04737844336397721,0.18175560000000002,0.209884,0.234228,0.260394,0.3030754000000001
2024,8,asof_pitcher_middle_rate,41920,41909,0.1593149092175905,0.029132030621039008,0.1282204,0.142857,0.157685,0.176557,0.19096640000000004
2024,8,asof_pitcher_ball_rate,41920,41909,0.36873922124126085,0.034478076856922474,0.3309684,0.344214,0.370337,0.388412,0.4086446
2024,8,asof_pitcher_strike_rate,41920,41909,0.4481848575484979,0.03611107225974512,0.4102986,0.427843,0.443101,0.468238,0.494709
2024,8,asof_pitcher_prev1_game_success_rate,41920,41584,0.4829411679275683,0.12485094149530845,0.333333,0.411765,0.48908399999999996,0.555556,0.625
2024,8,asof_pitcher_prev3_game_success_rate,41920,41584,0.4835920977779915,0.08037007249266283,0.382979,0.432886,0.486111,0.53202,0.578616
2024,8,asof_pitcher_prev5_game_success_rate,41920,41584,0.4837078562427857,0.07043744877401063,0.391304,0.44,0.485605,0.528846,0.56701
2024,8,asof_pitcher_prev1_game_middle_rate,41920,41584,0.18641371911071566,0.09225163087097453,0.0769231,0.128205,0.181818,0.244681,0.292135
2024,8,asof_pitcher_prev3_game_middle_rate,41920,41584,0.18488088837774144,0.058259942404899664,0.11236,0.147541,0.185811,0.22,0.258824
2024,8,asof_pitcher_prev5_game_middle_rate,41920,41584,0.1834856237687572,0.05061155953080546,0.118421,0.155172,0.185676,0.213836,0.242424
2024,8,asof_batter_success_rate,41920,41912,0.5152735136715023,0.03449274213547386,0.4908105,0.5031315000000001,0.514395,0.525215,0.5444388
2024,8,asof_batter_middle_rate,41920,41912,0.1554728787936629,0.019987282884886326,0.133538,0.147541,0.15489,0.165123,0.1749269
2024,8,asof_pitcher_fastball_rate,41920,41909,0.544696293660073,0.09306938756718854,0.431884,0.478443,0.539037,0.608176,0.6635132
2024,8,asof_pitcher_breaking_rate,41920,41909,0.296688196759646,0.11143093442159682,0.163147,0.21811,0.295359,0.369742,0.4384002
2024,8,asof_pitcher_offspeed_rate,41920,41909,0.15861550969075855,0.10500203713626784,0.0462133,0.07657,0.144162,0.207857,0.3035448000000001
2024,8,control_success,41920,41920,0.4841125954198473,0.499753487468639,0.0,0.0,0.0,1.0,1.0
2024,9,asof_pitcher_success_rate,33305,33299,0.5041450525841616,0.050775447967009536,0.4335828,0.473495,0.502347,0.5337289999999999,0.5724452
2024,9,asof_pitcher_reverse_rate,33305,33299,0.23934286990600323,0.04654234027719884,0.1867608,0.20992650000000002,0.235965,0.2622435,0.2999682
2024,9,asof_pitcher_middle_rate,33305,33299,0.16072216538034173,0.02927087218236747,0.1263822,0.14315650000000002,0.158745,0.178782,0.19358540000000002
2024,9,asof_pitcher_ball_rate,33305,33299,0.3723437936274363,0.036838639587639804,0.3310478,0.349897,0.372186,0.39169350000000003,0.413476
2024,9,asof_pitcher_strike_rate,33305,33299,0.4449528489143818,0.0364262371409421,0.4068024,0.4228685,0.44208,0.4658315,0.491643
2024,9,asof_pitcher_prev1_game_success_rate,33305,33065,0.4808684586420687,0.12260837772352462,0.333333,0.414634,0.484848,0.55102,0.621212
2024,9,asof_pitcher_prev3_game_success_rate,33305,33065,0.4826534867079994,0.07607928939293139,0.393443,0.432836,0.481982,0.525547,0.579125
2024,9,asof_pitcher_prev5_game_success_rate,33305,33065,0.4828983451383637,0.06503016529913799,0.403846,0.439636,0.48337,0.518931,0.565489
2024,9,asof_pitcher_prev1_game_middle_rate,33305,33065,0.18570776984122184,0.09893222342740962,0.0808081,0.125,0.174603,0.230769,0.3
2024,9,asof_pitcher_prev3_game_middle_rate,33305,33065,0.18344726329653713,0.056856181794474374,0.114286,0.149091,0.181818,0.211864,0.255814
2024,9,asof_pitcher_prev5_game_middle_rate,33305,33065,0.1834778491214275,0.047925449894088354,0.122845,0.155556,0.182692,0.207661,0.242424
2024,9,asof_batter_success_rate,33305,33301,0.5147219977478156,0.03669226368557951,0.489433,0.502181,0.51294,0.525148,0.544581
2024,9,asof_batter_middle_rate,33305,33301,0.1569276904447314,0.022610234126269276,0.132642,0.147769,0.156053,0.167862,0.176996
2024,9,asof_pitcher_fastball_rate,33305,33299,0.5480545612180546,0.0930349406376362,0.4367366,0.4766865,0.546642,0.6122605000000001,0.662111
2024,9,asof_pitcher_breaking_rate,33305,33299,0.2966523863119013,0.11249744846838367,0.1583814,0.2158095,0.298331,0.37037,0.4384072
2024,9,asof_pitcher_offspeed_rate,33305,33299,0.15529304856422116,0.10489789468965131,0.04248254,0.0740357,0.141812,0.206154,0.2869414
2024,9,control_success,33305,33305,0.47566431466746734,0.49941492092526946,0.0,0.0,0.0,1.0,1.0
2024,10,asof_pitcher_success_rate,1671,1671,0.5208618264512268,0.05553578568386653,0.456163,0.4966975,0.516367,0.554119,0.599954
2024,10,asof_pitcher_reverse_rate,1671,1671,0.23118042854578097,0.05264622004163517,0.164179,0.204745,0.233945,0.2557755,0.302689
2024,10,asof_pitcher_middle_rate,1671,1671,0.14774376223818075,0.02719251005289983,0.117284,0.127185,0.151332,0.160877,0.170316
2024,10,asof_pitcher_ball_rate,1671,1671,0.3836865056852184,0.044181423255536346,0.333808,0.352712,0.379573,0.397991,0.425578
2024,10,asof_pitcher_strike_rate,1671,1671,0.4333644171154997,0.03369147837232342,0.388889,0.4201955,0.431738,0.4534185,0.485851
2024,10,asof_pitcher_prev1_game_success_rate,1671,1671,0.48755684560143636,0.10098959845333857,0.380952,0.416667,0.48913,0.538462,0.626506
2024,10,asof_pitcher_prev3_game_success_rate,1671,1671,0.49947618432076596,0.07946419086720997,0.414634,0.444444,0.478571,0.551282,0.625
2024,10,asof_pitcher_prev5_game_success_rate,1671,1671,0.5093629000598444,0.07606085411648707,0.417722,0.445977,0.505155,0.571429,0.628205
2024,10,asof_pitcher_prev1_game_middle_rate,1671,1671,0.17462459970077798,0.0740800334762579,0.0952381,0.141304,0.170455,0.206897,0.238095
2024,10,asof_pitcher_prev3_game_middle_rate,1671,1671,0.16993134117295033,0.04654538649466832,0.1,0.142857,0.171233,0.196721,0.212598
2024,10,asof_pitcher_prev5_game_middle_rate,1671,1671,0.1607638165769001,0.03521979985916274,0.114504,0.135338,0.16273,0.183884,0.196721
2024,10,asof_batter_success_rate,1671,1671,0.5184333447037702,0.05415068580257772,0.446348,0.4986345,0.514124,0.544423,0.588542
2024,10,asof_batter_middle_rate,1671,1671,0.15213618126870138,0.028017787235414583,0.129015,0.1363095,0.151351,0.16354049999999998,0.177033
2024,10,asof_pitcher_fastball_rate,1671,1671,0.5797932740873728,0.10427057517809299,0.472169,0.521892,0.567923,0.6190775,0.681499
2024,10,asof_pitcher_breaking_rate,1671,1671,0.24759782298025135,0.1149999874026725,0.103614,0.1572375,0.237408,0.330712,0.393502
2024,10,asof_pitcher_offspeed_rate,1671,1671,0.1726088873129862,0.12305671210376341,0.0260323,0.07606995,0.147887,0.235842,0.358033
2024,10,control_success,1671,1671,0.5050867743865949,0.5001237945058867,0.0,0.0,1.0,1.0,1.0
